yil;donem;kadro_kodu;kurum;unvan;il;ogrenim;kontenjan;bos_kadro;min_puan;max_puan;nitelik_kodlari;nitelikler;kadro_guid
2017;4;290744753;Karayolları Genel Müdürlüğü;Tekniker;Antalya;Onlisans;1;;93.287;93.287;"3225;1201;8535;9052;3229;1194;5309;6506";3225 - Aşağıdaki önlisans programlarından birinden mezun olmak. | 1201 - İnşaat | 8535 - İnşaat Teknikerliği | 9052 - İnşaat Teknolojisi | 3229 - Aşağıdaki önlisans programlarından birinden mezun olmak. | 1194 - Hazır Beton Teknolojisi | 5309 - Beton Teknolojisi | 6506 - B sınıfı sürücü belgesine sahip olmak;ac3dcaed-c31e-e711-80d3-a0369f7d149c
2017;4;290747745;Karayolları Genel Müdürlüğü;Büro Personeli;Elazığ;Onlisans;1;;91.972;91.972;"3173;1117;1124;1249;9032;3174;9331;3179;1129;1130;5351;8510;8560;9074;3183;5338;6271;9073;3219;1342;4312;4392;5346;5375;8538;3223;1255;1336;1338;4374;5368;8574;8575;9077";3173 - Aşağıdaki önlisans programlarından birinden mezun olmak. | 1117 - Bilgisayar Destekli Muhasebe | 1124 - Bilgisayarlı Muhasebe ve Vergi Uygulama | 1249 - Muhasebe | 9032 - Muhasebe ve Vergi Uygulamaları | 3174 - Aşağıdaki önlisans programlarından birinden mezun olmak. | 9331 - İşletme-Muhasebe | 3179 - Aşağıdaki önlisans programlarından birinden mezun olmak. | 1129 - Büro Yönetimi | 1130 - Büro Yönetimi ve Sekreterlik | 5351 - Ofis Teknolojileri ve Yönetimi | 8510 - Büro Yönetimi ve Yönetici Asistanlığı | 8560 - Sekreterlik | 9074 - Büro Hizmetleri ve Yönetici Asistanlığı | 3183 - Aşağıdaki önlisans programlarından birinden mezun olmak. | 5338 - İnsan Kaynakları | 6271 - Personel Yönetimi | 9073 - İnsan Kaynakları Yönetimi | 3219 - Aşağıdaki önlisans programlarından birinden mezun olmak. | 1342 - Uluslararası Taşımacılık Yönetimi | 4312 - Lojistik Yönetimi | 4392 - Uluslararası Taşımacılık ve Lojistik | 5346 - Lojistik | 5375 - Uluslararası Lojistik | 8538 - Kargo / Kargo Hizmetleri | 3223 - Aşağıdaki önlisans programlarından birinden mezun olmak. | 1255 - Otel Yöneticiliği | 1336 - Turizm İşletmeciliği ve Otelcilik | 1338 - Turizm ve Otelcilik / Turizm-Otelcilik | 4374 - Turizm ve Konaklama İşletmeciliği | 5368 - Turizm ve Otel İşletmeciliği | 8574 - Turizm Otel Yöneticiliği / Turizm ve Otel Yöneticiliği | 8575 - Turizm, Konaklama ve Otel İşletmeciliği | 9077 - Ağırlama Hizmetleri;d53dcaed-c31e-e711-80d3-a0369f7d149c
2017;4;290740705;Karayolları Genel Müdürlüğü;Büro Personeli;Ankara;Onlisans;6;;91.582;93.044;"3003;1102;6352";3003 - Aşağıdaki önlisans programlarından birinden mezun olmak. | 1102 - Adalet | 6352 - Adalet Meslek Yüksekokulu;983dcaed-c31e-e711-80d3-a0369f7d149c
2017;4;290741761;Karayolları Genel Müdürlüğü;Tekniker;Mersin;Onlisans;1;;91.383;91.383;"3225;1201;8535;9052;3229;1194;5309;6506";3225 - Aşağıdaki önlisans programlarından birinden mezun olmak. | 1201 - İnşaat | 8535 - İnşaat Teknikerliği | 9052 - İnşaat Teknolojisi | 3229 - Aşağıdaki önlisans programlarından birinden mezun olmak. | 1194 - Hazır Beton Teknolojisi | 5309 - Beton Teknolojisi | 6506 - B sınıfı sürücü belgesine sahip olmak;243ecaed-c31e-e711-80d3-a0369f7d149c
2017;4;290741585;Karayolları Genel Müdürlüğü;Tekniker;Ankara;Onlisans;1;;90.704;90.704;"3217;1216;1341;9011;6506";3217 - Aşağıdaki önlisans programlarından birinden mezun olmak. | 1216 - Karayolu Ulaşımı ve Trafik | 1341 - Ulaştırma | 9011 - Ulaştırma ve Trafik Hizmetleri | 6506 - B sınıfı sürücü belgesine sahip olmak;9b3dcaed-c31e-e711-80d3-a0369f7d149c
2017;4;290745105;Karayolları Genel Müdürlüğü;Tekniker;Bursa;Onlisans;1;;90.629;90.629;"3225;1201;8535;9052;3229;1194;5309;6506";3225 - Aşağıdaki önlisans programlarından birinden mezun olmak. | 1201 - İnşaat | 8535 - İnşaat Teknikerliği | 9052 - İnşaat Teknolojisi | 3229 - Aşağıdaki önlisans programlarından birinden mezun olmak. | 1194 - Hazır Beton Teknolojisi | 5309 - Beton Teknolojisi | 6506 - B sınıfı sürücü belgesine sahip olmak;be3dcaed-c31e-e711-80d3-a0369f7d149c
2017;4;290742113;Karayolları Genel Müdürlüğü;Tekniker;Kayseri;Onlisans;1;;90.496;90.496;"3225;1201;8535;9052;3229;1194;5309;6506";3225 - Aşağıdaki önlisans programlarından birinden mezun olmak. | 1201 - İnşaat | 8535 - İnşaat Teknikerliği | 9052 - İnşaat Teknolojisi | 3229 - Aşağıdaki önlisans programlarından birinden mezun olmak. | 1194 - Hazır Beton Teknolojisi | 5309 - Beton Teknolojisi | 6506 - B sınıfı sürücü belgesine sahip olmak;0c3ecaed-c31e-e711-80d3-a0369f7d149c
2017;4;290743873;Karayolları Genel Müdürlüğü;Tekniker;Van;Onlisans;1;;90.085;90.085;"3225;1201;8535;9052;3229;1194;5309;6506";3225 - Aşağıdaki önlisans programlarından birinden mezun olmak. | 1201 - İnşaat | 8535 - İnşaat Teknikerliği | 9052 - İnşaat Teknolojisi | 3229 - Aşağıdaki önlisans programlarından birinden mezun olmak. | 1194 - Hazır Beton Teknolojisi | 5309 - Beton Teknolojisi | 6506 - B sınıfı sürücü belgesine sahip olmak;583ecaed-c31e-e711-80d3-a0369f7d149c
2017;4;290747569;Karayolları Genel Müdürlüğü;Büro Personeli;Samsun;Onlisans;1;;90.067;90.067;"3173;1117;1124;1249;9032;3174;9331;3179;1129;1130;5351;8510;8560;9074;3183;5338;6271;9073;3219;1342;4312;4392;5346;5375;8538;3223;1255;1336;1338;4374;5368;8574;8575;9077";3173 - Aşağıdaki önlisans programlarından birinden mezun olmak. | 1117 - Bilgisayar Destekli Muhasebe | 1124 - Bilgisayarlı Muhasebe ve Vergi Uygulama | 1249 - Muhasebe | 9032 - Muhasebe ve Vergi Uygulamaları | 3174 - Aşağıdaki önlisans programlarından birinden mezun olmak. | 9331 - İşletme-Muhasebe | 3179 - Aşağıdaki önlisans programlarından birinden mezun olmak. | 1129 - Büro Yönetimi | 1130 - Büro Yönetimi ve Sekreterlik | 5351 - Ofis Teknolojileri ve Yönetimi | 8510 - Büro Yönetimi ve Yönetici Asistanlığı | 8560 - Sekreterlik | 9074 - Büro Hizmetleri ve Yönetici Asistanlığı | 3183 - Aşağıdaki önlisans programlarından birinden mezun olmak. | 5338 - İnsan Kaynakları | 6271 - Personel Yönetimi | 9073 - İnsan Kaynakları Yönetimi | 3219 - Aşağıdaki önlisans programlarından birinden mezun olmak. | 1342 - Uluslararası Taşımacılık Yönetimi | 4312 - Lojistik Yönetimi | 4392 - Uluslararası Taşımacılık ve Lojistik | 5346 - Lojistik | 5375 - Uluslararası Lojistik | 8538 - Kargo / Kargo Hizmetleri | 3223 - Aşağıdaki önlisans programlarından birinden mezun olmak. | 1255 - Otel Yöneticiliği | 1336 - Turizm İşletmeciliği ve Otelcilik | 1338 - Turizm ve Otelcilik / Turizm-Otelcilik | 4374 - Turizm ve Konaklama İşletmeciliği | 5368 - Turizm ve Otel İşletmeciliği | 8574 - Turizm Otel Yöneticiliği / Turizm ve Otel Yöneticiliği | 8575 - Turizm, Konaklama ve Otel İşletmeciliği | 9077 - Ağırlama Hizmetleri;283ecaed-c31e-e711-80d3-a0369f7d149c
2017;4;290745281;Karayolları Genel Müdürlüğü;Tekniker;Bursa;Onlisans;1;;89.975;89.975;"3317;9101;3319;1187;1188;1189;8546";3317 - Aşağıdaki önlisans programlarından birinden mezun olmak. | 9101 - Coğrafi Bilgi Sistemleri | 3319 - Aşağıdaki önlisans programlarından birinden mezun olmak. | 1187 - Harita | 1188 - Harita Kadastro / Harita ve Kadastro | 1189 - Harita ve Maden Ölçme | 8546 - Harita Teknikerliği;bf3dcaed-c31e-e711-80d3-a0369f7d149c
2017;4;290746865;Karayolları Genel Müdürlüğü;Büro Personeli;Konya;Onlisans;1;;89.901;89.901;"3173;1117;1124;1249;9032;3174;9331;3179;1129;1130;5351;8510;8560;9074;3183;5338;6271;9073;3219;1342;4312;4392;5346;5375;8538;3223;1255;1336;1338;4374;5368;8574;8575;9077";3173 - Aşağıdaki önlisans programlarından birinden mezun olmak. | 1117 - Bilgisayar Destekli Muhasebe | 1124 - Bilgisayarlı Muhasebe ve Vergi Uygulama | 1249 - Muhasebe | 9032 - Muhasebe ve Vergi Uygulamaları | 3174 - Aşağıdaki önlisans programlarından birinden mezun olmak. | 9331 - İşletme-Muhasebe | 3179 - Aşağıdaki önlisans programlarından birinden mezun olmak. | 1129 - Büro Yönetimi | 1130 - Büro Yönetimi ve Sekreterlik | 5351 - Ofis Teknolojileri ve Yönetimi | 8510 - Büro Yönetimi ve Yönetici Asistanlığı | 8560 - Sekreterlik | 9074 - Büro Hizmetleri ve Yönetici Asistanlığı | 3183 - Aşağıdaki önlisans programlarından birinden mezun olmak. | 5338 - İnsan Kaynakları | 6271 - Personel Yönetimi | 9073 - İnsan Kaynakları Yönetimi | 3219 - Aşağıdaki önlisans programlarından birinden mezun olmak. | 1342 - Uluslararası Taşımacılık Yönetimi | 4312 - Lojistik Yönetimi | 4392 - Uluslararası Taşımacılık ve Lojistik | 5346 - Lojistik | 5375 - Uluslararası Lojistik | 8538 - Kargo / Kargo Hizmetleri | 3223 - Aşağıdaki önlisans programlarından birinden mezun olmak. | 1255 - Otel Yöneticiliği | 1336 - Turizm İşletmeciliği ve Otelcilik | 1338 - Turizm ve Otelcilik / Turizm-Otelcilik | 4374 - Turizm ve Konaklama İşletmeciliği | 5368 - Turizm ve Otel İşletmeciliği | 8574 - Turizm Otel Yöneticiliği / Turizm ve Otel Yöneticiliği | 8575 - Turizm, Konaklama ve Otel İşletmeciliği | 9077 - Ağırlama Hizmetleri;103ecaed-c31e-e711-80d3-a0369f7d149c
2017;4;290743169;Karayolları Genel Müdürlüğü;Tekniker;Diyarbakır;Onlisans;1;;89.69;89.69;"3225;1201;8535;9052;3229;1194;5309;6506";3225 - Aşağıdaki önlisans programlarından birinden mezun olmak. | 1201 - İnşaat | 8535 - İnşaat Teknikerliği | 9052 - İnşaat Teknolojisi | 3229 - Aşağıdaki önlisans programlarından birinden mezun olmak. | 1194 - Hazır Beton Teknolojisi | 5309 - Beton Teknolojisi | 6506 - B sınıfı sürücü belgesine sahip olmak;c33dcaed-c31e-e711-80d3-a0369f7d149c
2017;4;290742465;Karayolları Genel Müdürlüğü;Tekniker;Samsun;Onlisans;1;;89.639;89.639;"3225;1201;8535;9052;3229;1194;5309;6506";3225 - Aşağıdaki önlisans programlarından birinden mezun olmak. | 1201 - İnşaat | 8535 - İnşaat Teknikerliği | 9052 - İnşaat Teknolojisi | 3229 - Aşağıdaki önlisans programlarından birinden mezun olmak. | 1194 - Hazır Beton Teknolojisi | 5309 - Beton Teknolojisi | 6506 - B sınıfı sürücü belgesine sahip olmak;263ecaed-c31e-e711-80d3-a0369f7d149c
2017;4;290744049;Karayolları Genel Müdürlüğü;Tekniker;Van;Onlisans;1;;89.629;89.629;"3317;9101;3319;1187;1188;1189;8546";3317 - Aşağıdaki önlisans programlarından birinden mezun olmak. | 9101 - Coğrafi Bilgi Sistemleri | 3319 - Aşağıdaki önlisans programlarından birinden mezun olmak. | 1187 - Harita | 1188 - Harita Kadastro / Harita ve Kadastro | 1189 - Harita ve Maden Ölçme | 8546 - Harita Teknikerliği;593ecaed-c31e-e711-80d3-a0369f7d149c
2017;4;290747217;Karayolları Genel Müdürlüğü;Büro Personeli;Mersin;Onlisans;1;;89.571;89.571;"3173;1117;1124;1249;9032;3174;9331;3179;1129;1130;5351;8510;8560;9074;3183;5338;6271;9073;3219;1342;4312;4392;5346;5375;8538;3223;1255;1336;1338;4374;5368;8574;8575;9077";3173 - Aşağıdaki önlisans programlarından birinden mezun olmak. | 1117 - Bilgisayar Destekli Muhasebe | 1124 - Bilgisayarlı Muhasebe ve Vergi Uygulama | 1249 - Muhasebe | 9032 - Muhasebe ve Vergi Uygulamaları | 3174 - Aşağıdaki önlisans programlarından birinden mezun olmak. | 9331 - İşletme-Muhasebe | 3179 - Aşağıdaki önlisans programlarından birinden mezun olmak. | 1129 - Büro Yönetimi | 1130 - Büro Yönetimi ve Sekreterlik | 5351 - Ofis Teknolojileri ve Yönetimi | 8510 - Büro Yönetimi ve Yönetici Asistanlığı | 8560 - Sekreterlik | 9074 - Büro Hizmetleri ve Yönetici Asistanlığı | 3183 - Aşağıdaki önlisans programlarından birinden mezun olmak. | 5338 - İnsan Kaynakları | 6271 - Personel Yönetimi | 9073 - İnsan Kaynakları Yönetimi | 3219 - Aşağıdaki önlisans programlarından birinden mezun olmak. | 1342 - Uluslararası Taşımacılık Yönetimi | 4312 - Lojistik Yönetimi | 4392 - Uluslararası Taşımacılık ve Lojistik | 5346 - Lojistik | 5375 - Uluslararası Lojistik | 8538 - Kargo / Kargo Hizmetleri | 3223 - Aşağıdaki önlisans programlarından birinden mezun olmak. | 1255 - Otel Yöneticiliği | 1336 - Turizm İşletmeciliği ve Otelcilik | 1338 - Turizm ve Otelcilik / Turizm-Otelcilik | 4374 - Turizm ve Konaklama İşletmeciliği | 5368 - Turizm ve Otel İşletmeciliği | 8574 - Turizm Otel Yöneticiliği / Turizm ve Otel Yöneticiliği | 8575 - Turizm, Konaklama ve Otel İşletmeciliği | 9077 - Ağırlama Hizmetleri;233ecaed-c31e-e711-80d3-a0369f7d149c
2017;4;290745809;Karayolları Genel Müdürlüğü;Tekniker;Kastamonu;Onlisans;1;;89.34;89.34;"3317;9101;3319;1187;1188;1189;8546";3317 - Aşağıdaki önlisans programlarından birinden mezun olmak. | 9101 - Coğrafi Bilgi Sistemleri | 3319 - Aşağıdaki önlisans programlarından birinden mezun olmak. | 1187 - Harita | 1188 - Harita Kadastro / Harita ve Kadastro | 1189 - Harita ve Maden Ölçme | 8546 - Harita Teknikerliği;f33dcaed-c31e-e711-80d3-a0369f7d149c
2017;4;290748977;Karayolları Genel Müdürlüğü;Büro Personeli;Kastamonu;Onlisans;1;;89.272;89.272;"3173;1117;1124;1249;9032;3174;9331;3179;1129;1130;5351;8510;8560;9074;3183;5338;6271;9073;3219;1342;4312;4392;5346;5375;8538;3223;1255;1336;1338;4374;5368;8574;8575;9077";3173 - Aşağıdaki önlisans programlarından birinden mezun olmak. | 1117 - Bilgisayar Destekli Muhasebe | 1124 - Bilgisayarlı Muhasebe ve Vergi Uygulama | 1249 - Muhasebe | 9032 - Muhasebe ve Vergi Uygulamaları | 3174 - Aşağıdaki önlisans programlarından birinden mezun olmak. | 9331 - İşletme-Muhasebe | 3179 - Aşağıdaki önlisans programlarından birinden mezun olmak. | 1129 - Büro Yönetimi | 1130 - Büro Yönetimi ve Sekreterlik | 5351 - Ofis Teknolojileri ve Yönetimi | 8510 - Büro Yönetimi ve Yönetici Asistanlığı | 8560 - Sekreterlik | 9074 - Büro Hizmetleri ve Yönetici Asistanlığı | 3183 - Aşağıdaki önlisans programlarından birinden mezun olmak. | 5338 - İnsan Kaynakları | 6271 - Personel Yönetimi | 9073 - İnsan Kaynakları Yönetimi | 3219 - Aşağıdaki önlisans programlarından birinden mezun olmak. | 1342 - Uluslararası Taşımacılık Yönetimi | 4312 - Lojistik Yönetimi | 4392 - Uluslararası Taşımacılık ve Lojistik | 5346 - Lojistik | 5375 - Uluslararası Lojistik | 8538 - Kargo / Kargo Hizmetleri | 3223 - Aşağıdaki önlisans programlarından birinden mezun olmak. | 1255 - Otel Yöneticiliği | 1336 - Turizm İşletmeciliği ve Otelcilik | 1338 - Turizm ve Otelcilik / Turizm-Otelcilik | 4374 - Turizm ve Konaklama İşletmeciliği | 5368 - Turizm ve Otel İşletmeciliği | 8574 - Turizm Otel Yöneticiliği / Turizm ve Otel Yöneticiliği | 8575 - Turizm, Konaklama ve Otel İşletmeciliği | 9077 - Ağırlama Hizmetleri;f53dcaed-c31e-e711-80d3-a0369f7d149c
2017;4;290740353;Karayolları Genel Müdürlüğü;Tekniker;Ankara;Onlisans;6;;89.064;91.865;"3317;9101;3319;1187;1188;1189;8546";3317 - Aşağıdaki önlisans programlarından birinden mezun olmak. | 9101 - Coğrafi Bilgi Sistemleri | 3319 - Aşağıdaki önlisans programlarından birinden mezun olmak. | 1187 - Harita | 1188 - Harita Kadastro / Harita ve Kadastro | 1189 - Harita ve Maden Ölçme | 8546 - Harita Teknikerliği;963dcaed-c31e-e711-80d3-a0369f7d149c
2017;4;290741409;Karayolları Genel Müdürlüğü;Tekniker;Ankara;Onlisans;1;;88.903;88.903;"3317;9101;3319;1187;1188;1189;8546";3317 - Aşağıdaki önlisans programlarından birinden mezun olmak. | 9101 - Coğrafi Bilgi Sistemleri | 3319 - Aşağıdaki önlisans programlarından birinden mezun olmak. | 1187 - Harita | 1188 - Harita Kadastro / Harita ve Kadastro | 1189 - Harita ve Maden Ölçme | 8546 - Harita Teknikerliği;9a3dcaed-c31e-e711-80d3-a0369f7d149c
2017;4;290742817;Karayolları Genel Müdürlüğü;Tekniker;Elazığ;Onlisans;2;;88.644;90.728;"3225;1201;8535;9052;3229;1194;5309;6506";3225 - Aşağıdaki önlisans programlarından birinden mezun olmak. | 1201 - İnşaat | 8535 - İnşaat Teknikerliği | 9052 - İnşaat Teknolojisi | 3229 - Aşağıdaki önlisans programlarından birinden mezun olmak. | 1194 - Hazır Beton Teknolojisi | 5309 - Beton Teknolojisi | 6506 - B sınıfı sürücü belgesine sahip olmak;cd3dcaed-c31e-e711-80d3-a0369f7d149c
2017;4;290740177;Karayolları Genel Müdürlüğü;Tekniker;Ankara;Onlisans;4;;88.607;89.86;"3289;9213;3290;1152;3293;1153;1154;1159;8524;9068";3289 - Aşağıdaki önlisans programlarından birinden mezun olmak. | 9213 - Elektrik Teknolojisi | 3290 - Aşağıdaki önlisans programlarından birinden mezun olmak. | 1152 - Elektrik | 3293 - Aşağıdaki önlisans programlarından birinden mezun olmak. | 1153 - Elektrik-Elektronik | 1154 - Elektronik | 1159 - Endüstriyel Elektronik | 8524 - Elektrik-Elektronik Teknikerliği | 9068 - Elektronik Teknolojisi;953dcaed-c31e-e711-80d3-a0369f7d149c
2017;4;290748625;Karayolları Genel Müdürlüğü;Büro Personeli;Antalya;Onlisans;1;;88.425;88.425;"3173;1117;1124;1249;9032;3174;9331;3179;1129;1130;5351;8510;8560;9074;3183;5338;6271;9073;3219;1342;4312;4392;5346;5375;8538;3223;1255;1336;1338;4374;5368;8574;8575;9077";3173 - Aşağıdaki önlisans programlarından birinden mezun olmak. | 1117 - Bilgisayar Destekli Muhasebe | 1124 - Bilgisayarlı Muhasebe ve Vergi Uygulama | 1249 - Muhasebe | 9032 - Muhasebe ve Vergi Uygulamaları | 3174 - Aşağıdaki önlisans programlarından birinden mezun olmak. | 9331 - İşletme-Muhasebe | 3179 - Aşağıdaki önlisans programlarından birinden mezun olmak. | 1129 - Büro Yönetimi | 1130 - Büro Yönetimi ve Sekreterlik | 5351 - Ofis Teknolojileri ve Yönetimi | 8510 - Büro Yönetimi ve Yönetici Asistanlığı | 8560 - Sekreterlik | 9074 - Büro Hizmetleri ve Yönetici Asistanlığı | 3183 - Aşağıdaki önlisans programlarından birinden mezun olmak. | 5338 - İnsan Kaynakları | 6271 - Personel Yönetimi | 9073 - İnsan Kaynakları Yönetimi | 3219 - Aşağıdaki önlisans programlarından birinden mezun olmak. | 1342 - Uluslararası Taşımacılık Yönetimi | 4312 - Lojistik Yönetimi | 4392 - Uluslararası Taşımacılık ve Lojistik | 5346 - Lojistik | 5375 - Uluslararası Lojistik | 8538 - Kargo / Kargo Hizmetleri | 3223 - Aşağıdaki önlisans programlarından birinden mezun olmak. | 1255 - Otel Yöneticiliği | 1336 - Turizm İşletmeciliği ve Otelcilik | 1338 - Turizm ve Otelcilik / Turizm-Otelcilik | 4374 - Turizm ve Konaklama İşletmeciliği | 5368 - Turizm ve Otel İşletmeciliği | 8574 - Turizm Otel Yöneticiliği / Turizm ve Otel Yöneticiliği | 8575 - Turizm, Konaklama ve Otel İşletmeciliği | 9077 - Ağırlama Hizmetleri;ab3dcaed-c31e-e711-80d3-a0369f7d149c
2017;4;290747921;Karayolları Genel Müdürlüğü;Büro Personeli;Diyarbakır;Onlisans;1;;88.303;88.303;"3173;1117;1124;1249;9032;3174;9331;3179;1129;1130;5351;8510;8560;9074;3183;5338;6271;9073;3219;1342;4312;4392;5346;5375;8538;3223;1255;1336;1338;4374;5368;8574;8575;9077";3173 - Aşağıdaki önlisans programlarından birinden mezun olmak. | 1117 - Bilgisayar Destekli Muhasebe | 1124 - Bilgisayarlı Muhasebe ve Vergi Uygulama | 1249 - Muhasebe | 9032 - Muhasebe ve Vergi Uygulamaları | 3174 - Aşağıdaki önlisans programlarından birinden mezun olmak. | 9331 - İşletme-Muhasebe | 3179 - Aşağıdaki önlisans programlarından birinden mezun olmak. | 1129 - Büro Yönetimi | 1130 - Büro Yönetimi ve Sekreterlik | 5351 - Ofis Teknolojileri ve Yönetimi | 8510 - Büro Yönetimi ve Yönetici Asistanlığı | 8560 - Sekreterlik | 9074 - Büro Hizmetleri ve Yönetici Asistanlığı | 3183 - Aşağıdaki önlisans programlarından birinden mezun olmak. | 5338 - İnsan Kaynakları | 6271 - Personel Yönetimi | 9073 - İnsan Kaynakları Yönetimi | 3219 - Aşağıdaki önlisans programlarından birinden mezun olmak. | 1342 - Uluslararası Taşımacılık Yönetimi | 4312 - Lojistik Yönetimi | 4392 - Uluslararası Taşımacılık ve Lojistik | 5346 - Lojistik | 5375 - Uluslararası Lojistik | 8538 - Kargo / Kargo Hizmetleri | 3223 - Aşağıdaki önlisans programlarından birinden mezun olmak. | 1255 - Otel Yöneticiliği | 1336 - Turizm İşletmeciliği ve Otelcilik | 1338 - Turizm ve Otelcilik / Turizm-Otelcilik | 4374 - Turizm ve Konaklama İşletmeciliği | 5368 - Turizm ve Otel İşletmeciliği | 8574 - Turizm Otel Yöneticiliği / Turizm ve Otel Yöneticiliği | 8575 - Turizm, Konaklama ve Otel İşletmeciliği | 9077 - Ağırlama Hizmetleri;c23dcaed-c31e-e711-80d3-a0369f7d149c
2017;4;290740881;Karayolları Genel Müdürlüğü;Tekniker;Konya;Onlisans;1;;88.194;88.194;"3225;1201;8535;9052;3229;1194;5309;6506";3225 - Aşağıdaki önlisans programlarından birinden mezun olmak. | 1201 - İnşaat | 8535 - İnşaat Teknikerliği | 9052 - İnşaat Teknolojisi | 3229 - Aşağıdaki önlisans programlarından birinden mezun olmak. | 1194 - Hazır Beton Teknolojisi | 5309 - Beton Teknolojisi | 6506 - B sınıfı sürücü belgesine sahip olmak;0e3ecaed-c31e-e711-80d3-a0369f7d149c
2017;4;290748801;Karayolları Genel Müdürlüğü;Büro Personeli;Bursa;Onlisans;1;;88.133;88.133;"3173;1117;1124;1249;9032;3174;9331;3179;1129;1130;5351;8510;8560;9074;3183;5338;6271;9073;3219;1342;4312;4392;5346;5375;8538;3223;1255;1336;1338;4374;5368;8574;8575;9077";3173 - Aşağıdaki önlisans programlarından birinden mezun olmak. | 1117 - Bilgisayar Destekli Muhasebe | 1124 - Bilgisayarlı Muhasebe ve Vergi Uygulama | 1249 - Muhasebe | 9032 - Muhasebe ve Vergi Uygulamaları | 3174 - Aşağıdaki önlisans programlarından birinden mezun olmak. | 9331 - İşletme-Muhasebe | 3179 - Aşağıdaki önlisans programlarından birinden mezun olmak. | 1129 - Büro Yönetimi | 1130 - Büro Yönetimi ve Sekreterlik | 5351 - Ofis Teknolojileri ve Yönetimi | 8510 - Büro Yönetimi ve Yönetici Asistanlığı | 8560 - Sekreterlik | 9074 - Büro Hizmetleri ve Yönetici Asistanlığı | 3183 - Aşağıdaki önlisans programlarından birinden mezun olmak. | 5338 - İnsan Kaynakları | 6271 - Personel Yönetimi | 9073 - İnsan Kaynakları Yönetimi | 3219 - Aşağıdaki önlisans programlarından birinden mezun olmak. | 1342 - Uluslararası Taşımacılık Yönetimi | 4312 - Lojistik Yönetimi | 4392 - Uluslararası Taşımacılık ve Lojistik | 5346 - Lojistik | 5375 - Uluslararası Lojistik | 8538 - Kargo / Kargo Hizmetleri | 3223 - Aşağıdaki önlisans programlarından birinden mezun olmak. | 1255 - Otel Yöneticiliği | 1336 - Turizm İşletmeciliği ve Otelcilik | 1338 - Turizm ve Otelcilik / Turizm-Otelcilik | 4374 - Turizm ve Konaklama İşletmeciliği | 5368 - Turizm ve Otel İşletmeciliği | 8574 - Turizm Otel Yöneticiliği / Turizm ve Otel Yöneticiliği | 8575 - Turizm, Konaklama ve Otel İşletmeciliği | 9077 - Ağırlama Hizmetleri;c13dcaed-c31e-e711-80d3-a0369f7d149c
2017;4;290746161;Karayolları Genel Müdürlüğü;Tekniker;Sivas;Onlisans;1;;88.123;88.123;"3225;1201;8535;9052;3229;1194;5309;6506";3225 - Aşağıdaki önlisans programlarından birinden mezun olmak. | 1201 - İnşaat | 8535 - İnşaat Teknikerliği | 9052 - İnşaat Teknolojisi | 3229 - Aşağıdaki önlisans programlarından birinden mezun olmak. | 1194 - Hazır Beton Teknolojisi | 5309 - Beton Teknolojisi | 6506 - B sınıfı sürücü belgesine sahip olmak;3c3ecaed-c31e-e711-80d3-a0369f7d149c
2017;4;290744401;Karayolları Genel Müdürlüğü;Tekniker;Erzurum;Onlisans;1;;87.712;87.712;"3225;1201;8535;9052;3229;1194;5309;6506";3225 - Aşağıdaki önlisans programlarından birinden mezun olmak. | 1201 - İnşaat | 8535 - İnşaat Teknikerliği | 9052 - İnşaat Teknolojisi | 3229 - Aşağıdaki önlisans programlarından birinden mezun olmak. | 1194 - Hazır Beton Teknolojisi | 5309 - Beton Teknolojisi | 6506 - B sınıfı sürücü belgesine sahip olmak;e23dcaed-c31e-e711-80d3-a0369f7d149c
2017;4;290748273;Karayolları Genel Müdürlüğü;Büro Personeli;Van;Onlisans;1;;87.512;87.512;"3173;1117;1124;1249;9032;3174;9331;3179;1129;1130;5351;8510;8560;9074;3183;5338;6271;9073;3219;1342;4312;4392;5346;5375;8538;3223;1255;1336;1338;4374;5368;8574;8575;9077";3173 - Aşağıdaki önlisans programlarından birinden mezun olmak. | 1117 - Bilgisayar Destekli Muhasebe | 1124 - Bilgisayarlı Muhasebe ve Vergi Uygulama | 1249 - Muhasebe | 9032 - Muhasebe ve Vergi Uygulamaları | 3174 - Aşağıdaki önlisans programlarından birinden mezun olmak. | 9331 - İşletme-Muhasebe | 3179 - Aşağıdaki önlisans programlarından birinden mezun olmak. | 1129 - Büro Yönetimi | 1130 - Büro Yönetimi ve Sekreterlik | 5351 - Ofis Teknolojileri ve Yönetimi | 8510 - Büro Yönetimi ve Yönetici Asistanlığı | 8560 - Sekreterlik | 9074 - Büro Hizmetleri ve Yönetici Asistanlığı | 3183 - Aşağıdaki önlisans programlarından birinden mezun olmak. | 5338 - İnsan Kaynakları | 6271 - Personel Yönetimi | 9073 - İnsan Kaynakları Yönetimi | 3219 - Aşağıdaki önlisans programlarından birinden mezun olmak. | 1342 - Uluslararası Taşımacılık Yönetimi | 4312 - Lojistik Yönetimi | 4392 - Uluslararası Taşımacılık ve Lojistik | 5346 - Lojistik | 5375 - Uluslararası Lojistik | 8538 - Kargo / Kargo Hizmetleri | 3223 - Aşağıdaki önlisans programlarından birinden mezun olmak. | 1255 - Otel Yöneticiliği | 1336 - Turizm İşletmeciliği ve Otelcilik | 1338 - Turizm ve Otelcilik / Turizm-Otelcilik | 4374 - Turizm ve Konaklama İşletmeciliği | 5368 - Turizm ve Otel İşletmeciliği | 8574 - Turizm Otel Yöneticiliği / Turizm ve Otel Yöneticiliği | 8575 - Turizm, Konaklama ve Otel İşletmeciliği | 9077 - Ağırlama Hizmetleri;573ecaed-c31e-e711-80d3-a0369f7d149c
2017;4;290748449;Karayolları Genel Müdürlüğü;Büro Personeli;Erzurum;Onlisans;1;;87.511;87.511;"3173;1117;1124;1249;9032;3174;9331;3179;1129;1130;5351;8510;8560;9074;3183;5338;6271;9073;3219;1342;4312;4392;5346;5375;8538;3223;1255;1336;1338;4374;5368;8574;8575;9077";3173 - Aşağıdaki önlisans programlarından birinden mezun olmak. | 1117 - Bilgisayar Destekli Muhasebe | 1124 - Bilgisayarlı Muhasebe ve Vergi Uygulama | 1249 - Muhasebe | 9032 - Muhasebe ve Vergi Uygulamaları | 3174 - Aşağıdaki önlisans programlarından birinden mezun olmak. | 9331 - İşletme-Muhasebe | 3179 - Aşağıdaki önlisans programlarından birinden mezun olmak. | 1129 - Büro Yönetimi | 1130 - Büro Yönetimi ve Sekreterlik | 5351 - Ofis Teknolojileri ve Yönetimi | 8510 - Büro Yönetimi ve Yönetici Asistanlığı | 8560 - Sekreterlik | 9074 - Büro Hizmetleri ve Yönetici Asistanlığı | 3183 - Aşağıdaki önlisans programlarından birinden mezun olmak. | 5338 - İnsan Kaynakları | 6271 - Personel Yönetimi | 9073 - İnsan Kaynakları Yönetimi | 3219 - Aşağıdaki önlisans programlarından birinden mezun olmak. | 1342 - Uluslararası Taşımacılık Yönetimi | 4312 - Lojistik Yönetimi | 4392 - Uluslararası Taşımacılık ve Lojistik | 5346 - Lojistik | 5375 - Uluslararası Lojistik | 8538 - Kargo / Kargo Hizmetleri | 3223 - Aşağıdaki önlisans programlarından birinden mezun olmak. | 1255 - Otel Yöneticiliği | 1336 - Turizm İşletmeciliği ve Otelcilik | 1338 - Turizm ve Otelcilik / Turizm-Otelcilik | 4374 - Turizm ve Konaklama İşletmeciliği | 5368 - Turizm ve Otel İşletmeciliği | 8574 - Turizm Otel Yöneticiliği / Turizm ve Otel Yöneticiliği | 8575 - Turizm, Konaklama ve Otel İşletmeciliği | 9077 - Ağırlama Hizmetleri;d63dcaed-c31e-e711-80d3-a0369f7d149c
2017;4;290749153;Karayolları Genel Müdürlüğü;Büro Personeli;Sivas;Onlisans;1;;87.387;87.387;"3173;1117;1124;1249;9032;3174;9331;3179;1129;1130;5351;8510;8560;9074;3183;5338;6271;9073;3219;1342;4312;4392;5346;5375;8538;3223;1255;1336;1338;4374;5368;8574;8575;9077";3173 - Aşağıdaki önlisans programlarından birinden mezun olmak. | 1117 - Bilgisayar Destekli Muhasebe | 1124 - Bilgisayarlı Muhasebe ve Vergi Uygulama | 1249 - Muhasebe | 9032 - Muhasebe ve Vergi Uygulamaları | 3174 - Aşağıdaki önlisans programlarından birinden mezun olmak. | 9331 - İşletme-Muhasebe | 3179 - Aşağıdaki önlisans programlarından birinden mezun olmak. | 1129 - Büro Yönetimi | 1130 - Büro Yönetimi ve Sekreterlik | 5351 - Ofis Teknolojileri ve Yönetimi | 8510 - Büro Yönetimi ve Yönetici Asistanlığı | 8560 - Sekreterlik | 9074 - Büro Hizmetleri ve Yönetici Asistanlığı | 3183 - Aşağıdaki önlisans programlarından birinden mezun olmak. | 5338 - İnsan Kaynakları | 6271 - Personel Yönetimi | 9073 - İnsan Kaynakları Yönetimi | 3219 - Aşağıdaki önlisans programlarından birinden mezun olmak. | 1342 - Uluslararası Taşımacılık Yönetimi | 4312 - Lojistik Yönetimi | 4392 - Uluslararası Taşımacılık ve Lojistik | 5346 - Lojistik | 5375 - Uluslararası Lojistik | 8538 - Kargo / Kargo Hizmetleri | 3223 - Aşağıdaki önlisans programlarından birinden mezun olmak. | 1255 - Otel Yöneticiliği | 1336 - Turizm İşletmeciliği ve Otelcilik | 1338 - Turizm ve Otelcilik / Turizm-Otelcilik | 4374 - Turizm ve Konaklama İşletmeciliği | 5368 - Turizm ve Otel İşletmeciliği | 8574 - Turizm Otel Yöneticiliği / Turizm ve Otel Yöneticiliği | 8575 - Turizm, Konaklama ve Otel İşletmeciliği | 9077 - Ağırlama Hizmetleri;3b3ecaed-c31e-e711-80d3-a0369f7d149c
2017;4;290745633;Karayolları Genel Müdürlüğü;Tekniker;Kastamonu;Onlisans;1;;87.314;87.314;"3225;1201;8535;9052;3229;1194;5309;6506";3225 - Aşağıdaki önlisans programlarından birinden mezun olmak. | 1201 - İnşaat | 8535 - İnşaat Teknikerliği | 9052 - İnşaat Teknolojisi | 3229 - Aşağıdaki önlisans programlarından birinden mezun olmak. | 1194 - Hazır Beton Teknolojisi | 5309 - Beton Teknolojisi | 6506 - B sınıfı sürücü belgesine sahip olmak;f23dcaed-c31e-e711-80d3-a0369f7d149c
2017;4;290749329;Karayolları Genel Müdürlüğü;Büro Personeli;Kars;Onlisans;1;;87.196;87.196;"3173;1117;1124;1249;9032;3174;9331;3179;1129;1130;5351;8510;8560;9074;3183;5338;6271;9073;3219;1342;4312;4392;5346;5375;8538;3223;1255;1336;1338;4374;5368;8574;8575;9077";3173 - Aşağıdaki önlisans programlarından birinden mezun olmak. | 1117 - Bilgisayar Destekli Muhasebe | 1124 - Bilgisayarlı Muhasebe ve Vergi Uygulama | 1249 - Muhasebe | 9032 - Muhasebe ve Vergi Uygulamaları | 3174 - Aşağıdaki önlisans programlarından birinden mezun olmak. | 9331 - İşletme-Muhasebe | 3179 - Aşağıdaki önlisans programlarından birinden mezun olmak. | 1129 - Büro Yönetimi | 1130 - Büro Yönetimi ve Sekreterlik | 5351 - Ofis Teknolojileri ve Yönetimi | 8510 - Büro Yönetimi ve Yönetici Asistanlığı | 8560 - Sekreterlik | 9074 - Büro Hizmetleri ve Yönetici Asistanlığı | 3183 - Aşağıdaki önlisans programlarından birinden mezun olmak. | 5338 - İnsan Kaynakları | 6271 - Personel Yönetimi | 9073 - İnsan Kaynakları Yönetimi | 3219 - Aşağıdaki önlisans programlarından birinden mezun olmak. | 1342 - Uluslararası Taşımacılık Yönetimi | 4312 - Lojistik Yönetimi | 4392 - Uluslararası Taşımacılık ve Lojistik | 5346 - Lojistik | 5375 - Uluslararası Lojistik | 8538 - Kargo / Kargo Hizmetleri | 3223 - Aşağıdaki önlisans programlarından birinden mezun olmak. | 1255 - Otel Yöneticiliği | 1336 - Turizm İşletmeciliği ve Otelcilik | 1338 - Turizm ve Otelcilik / Turizm-Otelcilik | 4374 - Turizm ve Konaklama İşletmeciliği | 5368 - Turizm ve Otel İşletmeciliği | 8574 - Turizm Otel Yöneticiliği / Turizm ve Otel Yöneticiliği | 8575 - Turizm, Konaklama ve Otel İşletmeciliği | 9077 - Ağırlama Hizmetleri;f13dcaed-c31e-e711-80d3-a0369f7d149c
2017;4;290741937;Karayolları Genel Müdürlüğü;Tekniker;Mersin;Onlisans;2;;87.102;87.462;"3217;1216;1341;9011;6506";3217 - Aşağıdaki önlisans programlarından birinden mezun olmak. | 1216 - Karayolu Ulaşımı ve Trafik | 1341 - Ulaştırma | 9011 - Ulaştırma ve Trafik Hizmetleri | 6506 - B sınıfı sürücü belgesine sahip olmak;253ecaed-c31e-e711-80d3-a0369f7d149c
2017;4;290746513;Karayolları Genel Müdürlüğü;Tekniker;Kars;Onlisans;1;;86.969;86.969;"3225;1201;8535;9052;3229;1194;5309;6506";3225 - Aşağıdaki önlisans programlarından birinden mezun olmak. | 1201 - İnşaat | 8535 - İnşaat Teknikerliği | 9052 - İnşaat Teknolojisi | 3229 - Aşağıdaki önlisans programlarından birinden mezun olmak. | 1194 - Hazır Beton Teknolojisi | 5309 - Beton Teknolojisi | 6506 - B sınıfı sürücü belgesine sahip olmak;e43dcaed-c31e-e711-80d3-a0369f7d149c
2017;4;290743521;Karayolları Genel Müdürlüğü;Tekniker;Trabzon;Onlisans;1;;86.761;86.761;"3225;1201;8535;9052;3229;1194;5309;6506";3225 - Aşağıdaki önlisans programlarından birinden mezun olmak. | 1201 - İnşaat | 8535 - İnşaat Teknikerliği | 9052 - İnşaat Teknolojisi | 3229 - Aşağıdaki önlisans programlarından birinden mezun olmak. | 1194 - Hazır Beton Teknolojisi | 5309 - Beton Teknolojisi | 6506 - B sınıfı sürücü belgesine sahip olmak;3e3ecaed-c31e-e711-80d3-a0369f7d149c
2017;4;290740529;Karayolları Genel Müdürlüğü;Büro Personeli;Ankara;Onlisans;9;;86.498;90.1;"3173;1117;1124;1249;9032;3174;9331;3179;1129;1130;5351;8510;8560;9074;3183;5338;6271;9073;3219;1342;4312;4392;5346;5375;8538;3223;1255;1336;1338;4374;5368;8574;8575;9077";3173 - Aşağıdaki önlisans programlarından birinden mezun olmak. | 1117 - Bilgisayar Destekli Muhasebe | 1124 - Bilgisayarlı Muhasebe ve Vergi Uygulama | 1249 - Muhasebe | 9032 - Muhasebe ve Vergi Uygulamaları | 3174 - Aşağıdaki önlisans programlarından birinden mezun olmak. | 9331 - İşletme-Muhasebe | 3179 - Aşağıdaki önlisans programlarından birinden mezun olmak. | 1129 - Büro Yönetimi | 1130 - Büro Yönetimi ve Sekreterlik | 5351 - Ofis Teknolojileri ve Yönetimi | 8510 - Büro Yönetimi ve Yönetici Asistanlığı | 8560 - Sekreterlik | 9074 - Büro Hizmetleri ve Yönetici Asistanlığı | 3183 - Aşağıdaki önlisans programlarından birinden mezun olmak. | 5338 - İnsan Kaynakları | 6271 - Personel Yönetimi | 9073 - İnsan Kaynakları Yönetimi | 3219 - Aşağıdaki önlisans programlarından birinden mezun olmak. | 1342 - Uluslararası Taşımacılık Yönetimi | 4312 - Lojistik Yönetimi | 4392 - Uluslararası Taşımacılık ve Lojistik | 5346 - Lojistik | 5375 - Uluslararası Lojistik | 8538 - Kargo / Kargo Hizmetleri | 3223 - Aşağıdaki önlisans programlarından birinden mezun olmak. | 1255 - Otel Yöneticiliği | 1336 - Turizm İşletmeciliği ve Otelcilik | 1338 - Turizm ve Otelcilik / Turizm-Otelcilik | 4374 - Turizm ve Konaklama İşletmeciliği | 5368 - Turizm ve Otel İşletmeciliği | 8574 - Turizm Otel Yöneticiliği / Turizm ve Otel Yöneticiliği | 8575 - Turizm, Konaklama ve Otel İşletmeciliği | 9077 - Ağırlama Hizmetleri;973dcaed-c31e-e711-80d3-a0369f7d149c
2017;4;290747041;Karayolları Genel Müdürlüğü;Büro Personeli;Ankara;Onlisans;1;;86.298;86.298;"3173;1117;1124;1249;9032;3174;9331;3179;1129;1130;5351;8510;8560;9074;3183;5338;6271;9073;3219;1342;4312;4392;5346;5375;8538;3223;1255;1336;1338;4374;5368;8574;8575;9077";3173 - Aşağıdaki önlisans programlarından birinden mezun olmak. | 1117 - Bilgisayar Destekli Muhasebe | 1124 - Bilgisayarlı Muhasebe ve Vergi Uygulama | 1249 - Muhasebe | 9032 - Muhasebe ve Vergi Uygulamaları | 3174 - Aşağıdaki önlisans programlarından birinden mezun olmak. | 9331 - İşletme-Muhasebe | 3179 - Aşağıdaki önlisans programlarından birinden mezun olmak. | 1129 - Büro Yönetimi | 1130 - Büro Yönetimi ve Sekreterlik | 5351 - Ofis Teknolojileri ve Yönetimi | 8510 - Büro Yönetimi ve Yönetici Asistanlığı | 8560 - Sekreterlik | 9074 - Büro Hizmetleri ve Yönetici Asistanlığı | 3183 - Aşağıdaki önlisans programlarından birinden mezun olmak. | 5338 - İnsan Kaynakları | 6271 - Personel Yönetimi | 9073 - İnsan Kaynakları Yönetimi | 3219 - Aşağıdaki önlisans programlarından birinden mezun olmak. | 1342 - Uluslararası Taşımacılık Yönetimi | 4312 - Lojistik Yönetimi | 4392 - Uluslararası Taşımacılık ve Lojistik | 5346 - Lojistik | 5375 - Uluslararası Lojistik | 8538 - Kargo / Kargo Hizmetleri | 3223 - Aşağıdaki önlisans programlarından birinden mezun olmak. | 1255 - Otel Yöneticiliği | 1336 - Turizm İşletmeciliği ve Otelcilik | 1338 - Turizm ve Otelcilik / Turizm-Otelcilik | 4374 - Turizm ve Konaklama İşletmeciliği | 5368 - Turizm ve Otel İşletmeciliği | 8574 - Turizm Otel Yöneticiliği / Turizm ve Otel Yöneticiliği | 8575 - Turizm, Konaklama ve Otel İşletmeciliği | 9077 - Ağırlama Hizmetleri;9c3dcaed-c31e-e711-80d3-a0369f7d149c
2017;4;290747393;Karayolları Genel Müdürlüğü;Büro Personeli;Kayseri;Onlisans;1;;86.26;86.26;"3173;1117;1124;1249;9032;3174;9331;3179;1129;1130;5351;8510;8560;9074;3183;5338;6271;9073;3219;1342;4312;4392;5346;5375;8538;3223;1255;1336;1338;4374;5368;8574;8575;9077";3173 - Aşağıdaki önlisans programlarından birinden mezun olmak. | 1117 - Bilgisayar Destekli Muhasebe | 1124 - Bilgisayarlı Muhasebe ve Vergi Uygulama | 1249 - Muhasebe | 9032 - Muhasebe ve Vergi Uygulamaları | 3174 - Aşağıdaki önlisans programlarından birinden mezun olmak. | 9331 - İşletme-Muhasebe | 3179 - Aşağıdaki önlisans programlarından birinden mezun olmak. | 1129 - Büro Yönetimi | 1130 - Büro Yönetimi ve Sekreterlik | 5351 - Ofis Teknolojileri ve Yönetimi | 8510 - Büro Yönetimi ve Yönetici Asistanlığı | 8560 - Sekreterlik | 9074 - Büro Hizmetleri ve Yönetici Asistanlığı | 3183 - Aşağıdaki önlisans programlarından birinden mezun olmak. | 5338 - İnsan Kaynakları | 6271 - Personel Yönetimi | 9073 - İnsan Kaynakları Yönetimi | 3219 - Aşağıdaki önlisans programlarından birinden mezun olmak. | 1342 - Uluslararası Taşımacılık Yönetimi | 4312 - Lojistik Yönetimi | 4392 - Uluslararası Taşımacılık ve Lojistik | 5346 - Lojistik | 5375 - Uluslararası Lojistik | 8538 - Kargo / Kargo Hizmetleri | 3223 - Aşağıdaki önlisans programlarından birinden mezun olmak. | 1255 - Otel Yöneticiliği | 1336 - Turizm İşletmeciliği ve Otelcilik | 1338 - Turizm ve Otelcilik / Turizm-Otelcilik | 4374 - Turizm ve Konaklama İşletmeciliği | 5368 - Turizm ve Otel İşletmeciliği | 8574 - Turizm Otel Yöneticiliği / Turizm ve Otel Yöneticiliği | 8575 - Turizm, Konaklama ve Otel İşletmeciliği | 9077 - Ağırlama Hizmetleri;0b3ecaed-c31e-e711-80d3-a0369f7d149c
2017;4;290748097;Karayolları Genel Müdürlüğü;Büro Personeli;Trabzon;Onlisans;1;;86.167;86.167;"3173;1117;1124;1249;9032;3174;9331;3179;1129;1130;5351;8510;8560;9074;3183;5338;6271;9073;3219;1342;4312;4392;5346;5375;8538;3223;1255;1336;1338;4374;5368;8574;8575;9077";3173 - Aşağıdaki önlisans programlarından birinden mezun olmak. | 1117 - Bilgisayar Destekli Muhasebe | 1124 - Bilgisayarlı Muhasebe ve Vergi Uygulama | 1249 - Muhasebe | 9032 - Muhasebe ve Vergi Uygulamaları | 3174 - Aşağıdaki önlisans programlarından birinden mezun olmak. | 9331 - İşletme-Muhasebe | 3179 - Aşağıdaki önlisans programlarından birinden mezun olmak. | 1129 - Büro Yönetimi | 1130 - Büro Yönetimi ve Sekreterlik | 5351 - Ofis Teknolojileri ve Yönetimi | 8510 - Büro Yönetimi ve Yönetici Asistanlığı | 8560 - Sekreterlik | 9074 - Büro Hizmetleri ve Yönetici Asistanlığı | 3183 - Aşağıdaki önlisans programlarından birinden mezun olmak. | 5338 - İnsan Kaynakları | 6271 - Personel Yönetimi | 9073 - İnsan Kaynakları Yönetimi | 3219 - Aşağıdaki önlisans programlarından birinden mezun olmak. | 1342 - Uluslararası Taşımacılık Yönetimi | 4312 - Lojistik Yönetimi | 4392 - Uluslararası Taşımacılık ve Lojistik | 5346 - Lojistik | 5375 - Uluslararası Lojistik | 8538 - Kargo / Kargo Hizmetleri | 3223 - Aşağıdaki önlisans programlarından birinden mezun olmak. | 1255 - Otel Yöneticiliği | 1336 - Turizm İşletmeciliği ve Otelcilik | 1338 - Turizm ve Otelcilik / Turizm-Otelcilik | 4374 - Turizm ve Konaklama İşletmeciliği | 5368 - Turizm ve Otel İşletmeciliği | 8574 - Turizm Otel Yöneticiliği / Turizm ve Otel Yöneticiliği | 8575 - Turizm, Konaklama ve Otel İşletmeciliği | 9077 - Ağırlama Hizmetleri;403ecaed-c31e-e711-80d3-a0369f7d149c
2017;4;290740001;Karayolları Genel Müdürlüğü;Tekniker;Ankara;Onlisans;15;;85.81;92.818;"3225;1201;8535;9052;3229;1194;5309;6506";3225 - Aşağıdaki önlisans programlarından birinden mezun olmak. | 1201 - İnşaat | 8535 - İnşaat Teknikerliği | 9052 - İnşaat Teknolojisi | 3229 - Aşağıdaki önlisans programlarından birinden mezun olmak. | 1194 - Hazır Beton Teknolojisi | 5309 - Beton Teknolojisi | 6506 - B sınıfı sürücü belgesine sahip olmak;943dcaed-c31e-e711-80d3-a0369f7d149c
2017;4;290741233;Karayolları Genel Müdürlüğü;Tekniker;Ankara;Onlisans;1;;85.792;85.792;"3225;1201;8535;9052;3229;1194;5309;6506";3225 - Aşağıdaki önlisans programlarından birinden mezun olmak. | 1201 - İnşaat | 8535 - İnşaat Teknikerliği | 9052 - İnşaat Teknolojisi | 3229 - Aşağıdaki önlisans programlarından birinden mezun olmak. | 1194 - Hazır Beton Teknolojisi | 5309 - Beton Teknolojisi | 6506 - B sınıfı sürücü belgesine sahip olmak;993dcaed-c31e-e711-80d3-a0369f7d149c
2017;4;290744929;Karayolları Genel Müdürlüğü;Tekniker;Antalya;Onlisans;2;;85.549;86.504;"3217;1216;1341;9011;6506";3217 - Aşağıdaki önlisans programlarından birinden mezun olmak. | 1216 - Karayolu Ulaşımı ve Trafik | 1341 - Ulaştırma | 9011 - Ulaştırma ve Trafik Hizmetleri | 6506 - B sınıfı sürücü belgesine sahip olmak;ad3dcaed-c31e-e711-80d3-a0369f7d149c
2017;4;290745457;Karayolları Genel Müdürlüğü;Tekniker;Bursa;Onlisans;1;;84.997;84.997;"3217;1216;1341;9011;6506";3217 - Aşağıdaki önlisans programlarından birinden mezun olmak. | 1216 - Karayolu Ulaşımı ve Trafik | 1341 - Ulaştırma | 9011 - Ulaştırma ve Trafik Hizmetleri | 6506 - B sınıfı sürücü belgesine sahip olmak;c03dcaed-c31e-e711-80d3-a0369f7d149c
2017;4;290742993;Karayolları Genel Müdürlüğü;Tekniker;Elazığ;Onlisans;5;;84.119;86.203;"3217;1216;1341;9011;6506";3217 - Aşağıdaki önlisans programlarından birinden mezun olmak. | 1216 - Karayolu Ulaşımı ve Trafik | 1341 - Ulaştırma | 9011 - Ulaştırma ve Trafik Hizmetleri | 6506 - B sınıfı sürücü belgesine sahip olmak;ce3dcaed-c31e-e711-80d3-a0369f7d149c
2017;4;290742289;Karayolları Genel Müdürlüğü;Tekniker;Kayseri;Onlisans;3;;82.705;85.265;"3217;1216;1341;9011;6506";3217 - Aşağıdaki önlisans programlarından birinden mezun olmak. | 1216 - Karayolu Ulaşımı ve Trafik | 1341 - Ulaştırma | 9011 - Ulaştırma ve Trafik Hizmetleri | 6506 - B sınıfı sürücü belgesine sahip olmak;0d3ecaed-c31e-e711-80d3-a0369f7d149c
2017;4;290742641;Karayolları Genel Müdürlüğü;Tekniker;Samsun;Onlisans;3;;81.491;83.402;"3217;1216;1341;9011;6506";3217 - Aşağıdaki önlisans programlarından birinden mezun olmak. | 1216 - Karayolu Ulaşımı ve Trafik | 1341 - Ulaştırma | 9011 - Ulaştırma ve Trafik Hizmetleri | 6506 - B sınıfı sürücü belgesine sahip olmak;273ecaed-c31e-e711-80d3-a0369f7d149c
2017;4;290741057;Karayolları Genel Müdürlüğü;Tekniker;Konya;Onlisans;3;;81.303;84.31;"3217;1216;1341;9011;6506";3217 - Aşağıdaki önlisans programlarından birinden mezun olmak. | 1216 - Karayolu Ulaşımı ve Trafik | 1341 - Ulaştırma | 9011 - Ulaştırma ve Trafik Hizmetleri | 6506 - B sınıfı sürücü belgesine sahip olmak;0f3ecaed-c31e-e711-80d3-a0369f7d149c
2017;4;290745985;Karayolları Genel Müdürlüğü;Tekniker;Kastamonu;Onlisans;2;;80.964;84.471;"3217;1216;1341;9011;6506";3217 - Aşağıdaki önlisans programlarından birinden mezun olmak. | 1216 - Karayolu Ulaşımı ve Trafik | 1341 - Ulaştırma | 9011 - Ulaştırma ve Trafik Hizmetleri | 6506 - B sınıfı sürücü belgesine sahip olmak;f43dcaed-c31e-e711-80d3-a0369f7d149c
2017;4;290743345;Karayolları Genel Müdürlüğü;Tekniker;Diyarbakır;Onlisans;6;;80.654;84.529;"3217;1216;1341;9011;6506";3217 - Aşağıdaki önlisans programlarından birinden mezun olmak. | 1216 - Karayolu Ulaşımı ve Trafik | 1341 - Ulaştırma | 9011 - Ulaştırma ve Trafik Hizmetleri | 6506 - B sınıfı sürücü belgesine sahip olmak;c43dcaed-c31e-e711-80d3-a0369f7d149c
2017;4;290743697;Karayolları Genel Müdürlüğü;Tekniker;Trabzon;Onlisans;3;;79.994;80.541;"3217;1216;1341;9011;6506";3217 - Aşağıdaki önlisans programlarından birinden mezun olmak. | 1216 - Karayolu Ulaşımı ve Trafik | 1341 - Ulaştırma | 9011 - Ulaştırma ve Trafik Hizmetleri | 6506 - B sınıfı sürücü belgesine sahip olmak;3f3ecaed-c31e-e711-80d3-a0369f7d149c
2017;4;290746337;Karayolları Genel Müdürlüğü;Tekniker;Sivas;Onlisans;6;;79.487;81.272;"3217;1216;1341;9011;6506";3217 - Aşağıdaki önlisans programlarından birinden mezun olmak. | 1216 - Karayolu Ulaşımı ve Trafik | 1341 - Ulaştırma | 9011 - Ulaştırma ve Trafik Hizmetleri | 6506 - B sınıfı sürücü belgesine sahip olmak;3d3ecaed-c31e-e711-80d3-a0369f7d149c
2017;4;290744577;Karayolları Genel Müdürlüğü;Tekniker;Erzurum;Onlisans;6;;79.287;82.172;"3217;1216;1341;9011;6506";3217 - Aşağıdaki önlisans programlarından birinden mezun olmak. | 1216 - Karayolu Ulaşımı ve Trafik | 1341 - Ulaştırma | 9011 - Ulaştırma ve Trafik Hizmetleri | 6506 - B sınıfı sürücü belgesine sahip olmak;e33dcaed-c31e-e711-80d3-a0369f7d149c
2017;4;290744225;Karayolları Genel Müdürlüğü;Tekniker;Van;Onlisans;6;;78.907;81.12;"3217;1216;1341;9011;6506";3217 - Aşağıdaki önlisans programlarından birinden mezun olmak. | 1216 - Karayolu Ulaşımı ve Trafik | 1341 - Ulaştırma | 9011 - Ulaştırma ve Trafik Hizmetleri | 6506 - B sınıfı sürücü belgesine sahip olmak;5a3ecaed-c31e-e711-80d3-a0369f7d149c
2017;4;290746689;Karayolları Genel Müdürlüğü;Tekniker;Kars;Onlisans;6;;78.675;79.72;"3217;1216;1341;9011;6506";3217 - Aşağıdaki önlisans programlarından birinden mezun olmak. | 1216 - Karayolu Ulaşımı ve Trafik | 1341 - Ulaştırma | 9011 - Ulaştırma ve Trafik Hizmetleri | 6506 - B sınıfı sürücü belgesine sahip olmak;e53dcaed-c31e-e711-80d3-a0369f7d149c
2017;4;390741849;Karayolları Genel Müdürlüğü;Mühendis;Mersin;Lisans;1;;99.07;99.07;"4561;6241;9192;9226";4561 - Aşağıdaki lisans programlarından birinden mezun olmak. | 6241 - Kimya Mühendisliği | 9192 - Kimya ve Süreç Mühendisliği | 9226 - Kimya Mühendisliği ve Uygulamalı Kimya;1f3ecaed-c31e-e711-80d3-a0369f7d149c
2017;4;390741783;Karayolları Genel Müdürlüğü;Mühendis;Mersin;Lisans;1;;93.335;93.335;"4611;3160;3162;4619;3162;3163;3166;3331;8323";4611 - Aşağıdaki lisans programlarından birinden mezun olmak. | 3160 - Elektrik Mühendisliği | 3162 - Elektrik ve Elektronik Mühendisliği / Elektrik-Elektronik Mühendisliği | 4619 - Aşağıdaki lisans programlarından birinden mezun olmak. | 3162 - Elektrik ve Elektronik Mühendisliği / Elektrik-Elektronik Mühendisliği | 3163 - Elektronik Mühendisliği | 3166 - Elektronik ve Haberleşme Mühendisliği | 3331 - Telekomünikasyon Mühendisliği | 8323 - Haberleşme Mühendisliği;1e3ecaed-c31e-e711-80d3-a0369f7d149c
2017;4;390744027;Karayolları Genel Müdürlüğü;Mühendis;Diyarbakır;Lisans;1;;93.128;93.128;"4530;9343;4531;3124;5103;5137;8141;8156;8309;4533;5134";4530 - Aşağıdaki lisans programlarından birinden mezun olmak. | 9343 - Bilgisayar ve Yazılım Mühendisliği | 4531 - Aşağıdaki lisans programlarından birinden mezun olmak. | 3124 - Bilgisayar Mühendisliği | 5103 - Bilişim Sistemleri Mühendisliği | 5137 - Bilgisayar Bilimi ve Mühendisliği / Bilgisayar Bilimleri Mühendisliği | 8141 - Kontrol ve Bilgisayar Mühendisliği | 8156 - Bilgisayar ve Enformatik Mühendisliği | 8309 - Bilgisayar Donanımı ve Teknolojisi | 4533 - Aşağıdaki lisans programlarından birinden mezun olmak. | 5134 - Yazılım Mühendisliği;cc3dcaed-c31e-e711-80d3-a0369f7d149c
2017;4;390740133;Karayolları Genel Müdürlüğü;Mühendis;Ankara;Lisans;3;;92.562;93.113;"4611;3160;3162;4619;3162;3163;3166;3331;8323";4611 - Aşağıdaki lisans programlarından birinden mezun olmak. | 3160 - Elektrik Mühendisliği | 3162 - Elektrik ve Elektronik Mühendisliği / Elektrik-Elektronik Mühendisliği | 4619 - Aşağıdaki lisans programlarından birinden mezun olmak. | 3162 - Elektrik ve Elektronik Mühendisliği / Elektrik-Elektronik Mühendisliği | 3163 - Elektronik Mühendisliği | 3166 - Elektronik ve Haberleşme Mühendisliği | 3331 - Telekomünikasyon Mühendisliği | 8323 - Haberleşme Mühendisliği;9f3dcaed-c31e-e711-80d3-a0369f7d149c
2017;4;390740397;Karayolları Genel Müdürlüğü;Mühendis;Ankara;Lisans;3;;92.423;93.8;"4530;9343;4531;3124;5103;5137;8141;8156;8309;4533;5134";4530 - Aşağıdaki lisans programlarından birinden mezun olmak. | 9343 - Bilgisayar ve Yazılım Mühendisliği | 4531 - Aşağıdaki lisans programlarından birinden mezun olmak. | 3124 - Bilgisayar Mühendisliği | 5103 - Bilişim Sistemleri Mühendisliği | 5137 - Bilgisayar Bilimi ve Mühendisliği / Bilgisayar Bilimleri Mühendisliği | 8141 - Kontrol ve Bilgisayar Mühendisliği | 8156 - Bilgisayar ve Enformatik Mühendisliği | 8309 - Bilgisayar Donanımı ve Teknolojisi | 4533 - Aşağıdaki lisans programlarından birinden mezun olmak. | 5134 - Yazılım Mühendisliği;a33dcaed-c31e-e711-80d3-a0369f7d149c
2017;4;390746469;Karayolları Genel Müdürlüğü;Mühendis;Antalya;Lisans;1;;92.407;92.407;"4611;3160;3162;4619;3162;3163;3166;3331;8323";4611 - Aşağıdaki lisans programlarından birinden mezun olmak. | 3160 - Elektrik Mühendisliği | 3162 - Elektrik ve Elektronik Mühendisliği / Elektrik-Elektronik Mühendisliği | 4619 - Aşağıdaki lisans programlarından birinden mezun olmak. | 3162 - Elektrik ve Elektronik Mühendisliği / Elektrik-Elektronik Mühendisliği | 3163 - Elektronik Mühendisliği | 3166 - Elektronik ve Haberleşme Mühendisliği | 3331 - Telekomünikasyon Mühendisliği | 8323 - Haberleşme Mühendisliği;b13dcaed-c31e-e711-80d3-a0369f7d149c
2017;4;390741453;Karayolları Genel Müdürlüğü;Mühendis;Ankara;Lisans;1;;92.391;92.391;"4530;9343;4531;3124;5103;5137;8141;8156;8309;4533;5134";4530 - Aşağıdaki lisans programlarından birinden mezun olmak. | 9343 - Bilgisayar ve Yazılım Mühendisliği | 4531 - Aşağıdaki lisans programlarından birinden mezun olmak. | 3124 - Bilgisayar Mühendisliği | 5103 - Bilişim Sistemleri Mühendisliği | 5137 - Bilgisayar Bilimi ve Mühendisliği / Bilgisayar Bilimleri Mühendisliği | 8141 - Kontrol ve Bilgisayar Mühendisliği | 8156 - Bilgisayar ve Enformatik Mühendisliği | 8309 - Bilgisayar Donanımı ve Teknolojisi | 4533 - Aşağıdaki lisans programlarından birinden mezun olmak. | 5134 - Yazılım Mühendisliği;aa3dcaed-c31e-e711-80d3-a0369f7d149c
2017;4;390742047;Karayolları Genel Müdürlüğü;Mühendis;Mersin;Lisans;1;;92.302;92.302;"4530;9343;4531;3124;5103;5137;8141;8156;8309;4533;5134";4530 - Aşağıdaki lisans programlarından birinden mezun olmak. | 9343 - Bilgisayar ve Yazılım Mühendisliği | 4531 - Aşağıdaki lisans programlarından birinden mezun olmak. | 3124 - Bilgisayar Mühendisliği | 5103 - Bilişim Sistemleri Mühendisliği | 5137 - Bilgisayar Bilimi ve Mühendisliği / Bilgisayar Bilimleri Mühendisliği | 8141 - Kontrol ve Bilgisayar Mühendisliği | 8156 - Bilgisayar ve Enformatik Mühendisliği | 8309 - Bilgisayar Donanımı ve Teknolojisi | 4533 - Aşağıdaki lisans programlarından birinden mezun olmak. | 5134 - Yazılım Mühendisliği;223ecaed-c31e-e711-80d3-a0369f7d149c
2017;4;390748317;Karayolları Genel Müdürlüğü;Mühendis;Sivas;Lisans;1;;92.292;92.292;"4611;3160;3162;4619;3162;3163;3166;3331;8323";4611 - Aşağıdaki lisans programlarından birinden mezun olmak. | 3160 - Elektrik Mühendisliği | 3162 - Elektrik ve Elektronik Mühendisliği / Elektrik-Elektronik Mühendisliği | 4619 - Aşağıdaki lisans programlarından birinden mezun olmak. | 3162 - Elektrik ve Elektronik Mühendisliği / Elektrik-Elektronik Mühendisliği | 3163 - Elektronik Mühendisliği | 3166 - Elektronik ve Haberleşme Mühendisliği | 3331 - Telekomünikasyon Mühendisliği | 8323 - Haberleşme Mühendisliği;333ecaed-c31e-e711-80d3-a0369f7d149c
2017;4;390747261;Karayolları Genel Müdürlüğü;Mühendis;Bursa;Lisans;1;;92.191;92.191;"4530;9343;4531;3124;5103;5137;8141;8156;8309;4533;5134";4530 - Aşağıdaki lisans programlarından birinden mezun olmak. | 9343 - Bilgisayar ve Yazılım Mühendisliği | 4531 - Aşağıdaki lisans programlarından birinden mezun olmak. | 3124 - Bilgisayar Mühendisliği | 5103 - Bilişim Sistemleri Mühendisliği | 5137 - Bilgisayar Bilimi ve Mühendisliği / Bilgisayar Bilimleri Mühendisliği | 8141 - Kontrol ve Bilgisayar Mühendisliği | 8156 - Bilgisayar ve Enformatik Mühendisliği | 8309 - Bilgisayar Donanımı ve Teknolojisi | 4533 - Aşağıdaki lisans programlarından birinden mezun olmak. | 5134 - Yazılım Mühendisliği;bd3dcaed-c31e-e711-80d3-a0369f7d149c
2017;4;390742311;Karayolları Genel Müdürlüğü;Mühendis;Kayseri;Lisans;1;;92.145;92.145;"4611;3160;3162;4619;3162;3163;3166;3331;8323";4611 - Aşağıdaki lisans programlarından birinden mezun olmak. | 3160 - Elektrik Mühendisliği | 3162 - Elektrik ve Elektronik Mühendisliği / Elektrik-Elektronik Mühendisliği | 4619 - Aşağıdaki lisans programlarından birinden mezun olmak. | 3162 - Elektrik ve Elektronik Mühendisliği / Elektrik-Elektronik Mühendisliği | 3163 - Elektronik Mühendisliği | 3166 - Elektronik ve Haberleşme Mühendisliği | 3331 - Telekomünikasyon Mühendisliği | 8323 - Haberleşme Mühendisliği;043ecaed-c31e-e711-80d3-a0369f7d149c
2017;4;390740331;Karayolları Genel Müdürlüğü;Mühendis;Ankara;Lisans;1;;92.105;92.105;"4679;3251";4679 - Aşağıdaki lisans programlarından birinden mezun olmak. | 3251 - Maden Mühendisliği;a23dcaed-c31e-e711-80d3-a0369f7d149c
2017;4;390741321;Karayolları Genel Müdürlüğü;Mühendis;Ankara;Lisans;2;;91.998;92.135;"4611;3160;3162;4619;3162;3163;3166;3331;8323";4611 - Aşağıdaki lisans programlarından birinden mezun olmak. | 3160 - Elektrik Mühendisliği | 3162 - Elektrik ve Elektronik Mühendisliği / Elektrik-Elektronik Mühendisliği | 4619 - Aşağıdaki lisans programlarından birinden mezun olmak. | 3162 - Elektrik ve Elektronik Mühendisliği / Elektrik-Elektronik Mühendisliği | 3163 - Elektronik Mühendisliği | 3166 - Elektronik ve Haberleşme Mühendisliği | 3331 - Telekomünikasyon Mühendisliği | 8323 - Haberleşme Mühendisliği;a83dcaed-c31e-e711-80d3-a0369f7d149c
2017;4;390743103;Karayolları Genel Müdürlüğü;Mühendis;Samsun;Lisans;2;;91.735;91.912;"4530;9343;4531;3124;5103;5137;8141;8156;8309;4533;5134";4530 - Aşağıdaki lisans programlarından birinden mezun olmak. | 9343 - Bilgisayar ve Yazılım Mühendisliği | 4531 - Aşağıdaki lisans programlarından birinden mezun olmak. | 3124 - Bilgisayar Mühendisliği | 5103 - Bilişim Sistemleri Mühendisliği | 5137 - Bilgisayar Bilimi ve Mühendisliği / Bilgisayar Bilimleri Mühendisliği | 8141 - Kontrol ve Bilgisayar Mühendisliği | 8156 - Bilgisayar ve Enformatik Mühendisliği | 8309 - Bilgisayar Donanımı ve Teknolojisi | 4533 - Aşağıdaki lisans programlarından birinden mezun olmak. | 5134 - Yazılım Mühendisliği;2e3ecaed-c31e-e711-80d3-a0369f7d149c
2017;4;390742641;Karayolları Genel Müdürlüğü;Mühendis;Kayseri;Lisans;1;;91.719;91.719;"4530;9343;4531;3124;5103;5137;8141;8156;8309;4533;5134";4530 - Aşağıdaki lisans programlarından birinden mezun olmak. | 9343 - Bilgisayar ve Yazılım Mühendisliği | 4531 - Aşağıdaki lisans programlarından birinden mezun olmak. | 3124 - Bilgisayar Mühendisliği | 5103 - Bilişim Sistemleri Mühendisliği | 5137 - Bilgisayar Bilimi ve Mühendisliği / Bilgisayar Bilimleri Mühendisliği | 8141 - Kontrol ve Bilgisayar Mühendisliği | 8156 - Bilgisayar ve Enformatik Mühendisliği | 8309 - Bilgisayar Donanımı ve Teknolojisi | 4533 - Aşağıdaki lisans programlarından birinden mezun olmak. | 5134 - Yazılım Mühendisliği;093ecaed-c31e-e711-80d3-a0369f7d149c
2017;4;390743829;Karayolları Genel Müdürlüğü;Mühendis;Diyarbakır;Lisans;1;;91.696;91.696;"4611;3160;3162;4619;3162;3163;3166;3331;8323";4611 - Aşağıdaki lisans programlarından birinden mezun olmak. | 3160 - Elektrik Mühendisliği | 3162 - Elektrik ve Elektronik Mühendisliği / Elektrik-Elektronik Mühendisliği | 4619 - Aşağıdaki lisans programlarından birinden mezun olmak. | 3162 - Elektrik ve Elektronik Mühendisliği / Elektrik-Elektronik Mühendisliği | 3163 - Elektronik Mühendisliği | 3166 - Elektronik ve Haberleşme Mühendisliği | 3331 - Telekomünikasyon Mühendisliği | 8323 - Haberleşme Mühendisliği;c93dcaed-c31e-e711-80d3-a0369f7d149c
2017;4;390740793;Karayolları Genel Müdürlüğü;Mühendis;Konya;Lisans;2;;91.68;91.789;"4611;3160;3162;4619;3162;3163;3166;3331;8323";4611 - Aşağıdaki lisans programlarından birinden mezun olmak. | 3160 - Elektrik Mühendisliği | 3162 - Elektrik ve Elektronik Mühendisliği / Elektrik-Elektronik Mühendisliği | 4619 - Aşağıdaki lisans programlarından birinden mezun olmak. | 3162 - Elektrik ve Elektronik Mühendisliği / Elektrik-Elektronik Mühendisliği | 3163 - Elektronik Mühendisliği | 3166 - Elektronik ve Haberleşme Mühendisliği | 3331 - Telekomünikasyon Mühendisliği | 8323 - Haberleşme Mühendisliği;153ecaed-c31e-e711-80d3-a0369f7d149c
2017;4;390741123;Karayolları Genel Müdürlüğü;Mimar;Ankara;Lisans;1;;91.618;91.618;"4747;3263";4747 - Aşağıdaki lisans programlarından birinden mezun olmak. | 3263 - Mimarlık;a53dcaed-c31e-e711-80d3-a0369f7d149c
2017;4;390748581;Karayolları Genel Müdürlüğü;Mühendis;Sivas;Lisans;1;;91.618;91.618;"4530;9343;4531;3124;5103;5137;8141;8156;8309;4533;5134";4530 - Aşağıdaki lisans programlarından birinden mezun olmak. | 9343 - Bilgisayar ve Yazılım Mühendisliği | 4531 - Aşağıdaki lisans programlarından birinden mezun olmak. | 3124 - Bilgisayar Mühendisliği | 5103 - Bilişim Sistemleri Mühendisliği | 5137 - Bilgisayar Bilimi ve Mühendisliği / Bilgisayar Bilimleri Mühendisliği | 8141 - Kontrol ve Bilgisayar Mühendisliği | 8156 - Bilgisayar ve Enformatik Mühendisliği | 8309 - Bilgisayar Donanımı ve Teknolojisi | 4533 - Aşağıdaki lisans programlarından birinden mezun olmak. | 5134 - Yazılım Mühendisliği;373ecaed-c31e-e711-80d3-a0369f7d149c
2017;4;390744423;Karayolları Genel Müdürlüğü;Mühendis;Trabzon;Lisans;1;;91.571;91.571;"4561;6241;9192;9226";4561 - Aşağıdaki lisans programlarından birinden mezun olmak. | 6241 - Kimya Mühendisliği | 9192 - Kimya ve Süreç Mühendisliği | 9226 - Kimya Mühendisliği ve Uygulamalı Kimya;463ecaed-c31e-e711-80d3-a0369f7d149c
2017;4;390741057;Karayolları Genel Müdürlüğü;Mühendis;Konya;Lisans;1;;91.51;91.51;"4530;9343;4531;3124;5103;5137;8141;8156;8309;4533;5134";4530 - Aşağıdaki lisans programlarından birinden mezun olmak. | 9343 - Bilgisayar ve Yazılım Mühendisliği | 4531 - Aşağıdaki lisans programlarından birinden mezun olmak. | 3124 - Bilgisayar Mühendisliği | 5103 - Bilişim Sistemleri Mühendisliği | 5137 - Bilgisayar Bilimi ve Mühendisliği / Bilgisayar Bilimleri Mühendisliği | 8141 - Kontrol ve Bilgisayar Mühendisliği | 8156 - Bilgisayar ve Enformatik Mühendisliği | 8309 - Bilgisayar Donanımı ve Teknolojisi | 4533 - Aşağıdaki lisans programlarından birinden mezun olmak. | 5134 - Yazılım Mühendisliği;193ecaed-c31e-e711-80d3-a0369f7d149c
2017;4;390744621;Karayolları Genel Müdürlüğü;Mühendis;Trabzon;Lisans;1;;91.503;91.503;"4530;9343;4531;3124;5103;5137;8141;8156;8309;4533;5134";4530 - Aşağıdaki lisans programlarından birinden mezun olmak. | 9343 - Bilgisayar ve Yazılım Mühendisliği | 4531 - Aşağıdaki lisans programlarından birinden mezun olmak. | 3124 - Bilgisayar Mühendisliği | 5103 - Bilişim Sistemleri Mühendisliği | 5137 - Bilgisayar Bilimi ve Mühendisliği / Bilgisayar Bilimleri Mühendisliği | 8141 - Kontrol ve Bilgisayar Mühendisliği | 8156 - Bilgisayar ve Enformatik Mühendisliği | 8309 - Bilgisayar Donanımı ve Teknolojisi | 4533 - Aşağıdaki lisans programlarından birinden mezun olmak. | 5134 - Yazılım Mühendisliği;493ecaed-c31e-e711-80d3-a0369f7d149c
2017;4;390742377;Karayolları Genel Müdürlüğü;Mühendis;Kayseri;Lisans;1;;91.372;91.372;"4561;6241;9192;9226";4561 - Aşağıdaki lisans programlarından birinden mezun olmak. | 6241 - Kimya Mühendisliği | 9192 - Kimya ve Süreç Mühendisliği | 9226 - Kimya Mühendisliği ve Uygulamalı Kimya;053ecaed-c31e-e711-80d3-a0369f7d149c
2017;4;390740067;Karayolları Genel Müdürlüğü;Mühendis;Ankara;Lisans;4;;91.3;93.893;"4639;3252;4314";4639 - Aşağıdaki lisans programlarından birinden mezun olmak. | 3252 - Makine Mühendisliği | 4314 - Makine ve İmalat Mühendisliği;9e3dcaed-c31e-e711-80d3-a0369f7d149c
2017;4;390747789;Karayolları Genel Müdürlüğü;Mühendis;Kastamonu;Lisans;2;;91.099;91.989;"4530;9343;4531;3124;5103;5137;8141;8156;8309;4533;5134";4530 - Aşağıdaki lisans programlarından birinden mezun olmak. | 9343 - Bilgisayar ve Yazılım Mühendisliği | 4531 - Aşağıdaki lisans programlarından birinden mezun olmak. | 3124 - Bilgisayar Mühendisliği | 5103 - Bilişim Sistemleri Mühendisliği | 5137 - Bilgisayar Bilimi ve Mühendisliği / Bilgisayar Bilimleri Mühendisliği | 8141 - Kontrol ve Bilgisayar Mühendisliği | 8156 - Bilgisayar ve Enformatik Mühendisliği | 8309 - Bilgisayar Donanımı ve Teknolojisi | 4533 - Aşağıdaki lisans programlarından birinden mezun olmak. | 5134 - Yazılım Mühendisliği;fd3dcaed-c31e-e711-80d3-a0369f7d149c
2017;4;390745809;Karayolları Genel Müdürlüğü;Mühendis;Erzurum;Lisans;2;;91.092;91.278;"4611;3160;3162;4619;3162;3163;3166;3331;8323";4611 - Aşağıdaki lisans programlarından birinden mezun olmak. | 3160 - Elektrik Mühendisliği | 3162 - Elektrik ve Elektronik Mühendisliği / Elektrik-Elektronik Mühendisliği | 4619 - Aşağıdaki lisans programlarından birinden mezun olmak. | 3162 - Elektrik ve Elektronik Mühendisliği / Elektrik-Elektronik Mühendisliği | 3163 - Elektronik Mühendisliği | 3166 - Elektronik ve Haberleşme Mühendisliği | 3331 - Telekomünikasyon Mühendisliği | 8323 - Haberleşme Mühendisliği;db3dcaed-c31e-e711-80d3-a0369f7d149c
2017;4;390743433;Karayolları Genel Müdürlüğü;Mühendis;Elazığ;Lisans;2;;90.945;92.64;"4611;3160;3162;4619;3162;3163;3166;3331;8323";4611 - Aşağıdaki lisans programlarından birinden mezun olmak. | 3160 - Elektrik Mühendisliği | 3162 - Elektrik ve Elektronik Mühendisliği / Elektrik-Elektronik Mühendisliği | 4619 - Aşağıdaki lisans programlarından birinden mezun olmak. | 3162 - Elektrik ve Elektronik Mühendisliği / Elektrik-Elektronik Mühendisliği | 3163 - Elektronik Mühendisliği | 3166 - Elektronik ve Haberleşme Mühendisliği | 3331 - Telekomünikasyon Mühendisliği | 8323 - Haberleşme Mühendisliği;d33dcaed-c31e-e711-80d3-a0369f7d149c
2017;4;390745083;Karayolları Genel Müdürlüğü;Mühendis;Van;Lisans;1;;90.884;90.884;"4611;3160;3162;4619;3162;3163;3166;3331;8323";4611 - Aşağıdaki lisans programlarından birinden mezun olmak. | 3160 - Elektrik Mühendisliği | 3162 - Elektrik ve Elektronik Mühendisliği / Elektrik-Elektronik Mühendisliği | 4619 - Aşağıdaki lisans programlarından birinden mezun olmak. | 3162 - Elektrik ve Elektronik Mühendisliği / Elektrik-Elektronik Mühendisliği | 3163 - Elektronik Mühendisliği | 3166 - Elektronik ve Haberleşme Mühendisliği | 3331 - Telekomünikasyon Mühendisliği | 8323 - Haberleşme Mühendisliği;503ecaed-c31e-e711-80d3-a0369f7d149c
2017;4;390744357;Karayolları Genel Müdürlüğü;Mühendis;Trabzon;Lisans;7;;90.883;91.549;"4611;3160;3162;4619;3162;3163;3166;3331;8323";4611 - Aşağıdaki lisans programlarından birinden mezun olmak. | 3160 - Elektrik Mühendisliği | 3162 - Elektrik ve Elektronik Mühendisliği / Elektrik-Elektronik Mühendisliği | 4619 - Aşağıdaki lisans programlarından birinden mezun olmak. | 3162 - Elektrik ve Elektronik Mühendisliği / Elektrik-Elektronik Mühendisliği | 3163 - Elektronik Mühendisliği | 3166 - Elektronik ve Haberleşme Mühendisliği | 3331 - Telekomünikasyon Mühendisliği | 8323 - Haberleşme Mühendisliği;453ecaed-c31e-e711-80d3-a0369f7d149c
2017;4;390746073;Karayolları Genel Müdürlüğü;Mühendis;Erzurum;Lisans;1;;90.784;90.784;"4530;9343;4531;3124;5103;5137;8141;8156;8309;4533;5134";4530 - Aşağıdaki lisans programlarından birinden mezun olmak. | 9343 - Bilgisayar ve Yazılım Mühendisliği | 4531 - Aşağıdaki lisans programlarından birinden mezun olmak. | 3124 - Bilgisayar Mühendisliği | 5103 - Bilişim Sistemleri Mühendisliği | 5137 - Bilgisayar Bilimi ve Mühendisliği / Bilgisayar Bilimleri Mühendisliği | 8141 - Kontrol ve Bilgisayar Mühendisliği | 8156 - Bilgisayar ve Enformatik Mühendisliği | 8309 - Bilgisayar Donanımı ve Teknolojisi | 4533 - Aşağıdaki lisans programlarından birinden mezun olmak. | 5134 - Yazılım Mühendisliği;df3dcaed-c31e-e711-80d3-a0369f7d149c
2017;4;390743367;Karayolları Genel Müdürlüğü;Mühendis;Elazığ;Lisans;1;;90.736;90.736;"4639;3252;4314";4639 - Aşağıdaki lisans programlarından birinden mezun olmak. | 3252 - Makine Mühendisliği | 4314 - Makine ve İmalat Mühendisliği;d23dcaed-c31e-e711-80d3-a0369f7d149c
2017;4;390746667;Karayolları Genel Müdürlüğü;Mühendis;Antalya;Lisans;1;;90.689;90.689;"4677;3142";4677 - Aşağıdaki lisans programlarından birinden mezun olmak. | 3142 - Çevre Mühendisliği;b43dcaed-c31e-e711-80d3-a0369f7d149c
2017;4;390749109;Karayolları Genel Müdürlüğü;Mühendis;Kars;Lisans;1;;90.666;90.666;"4611;3160;3162;4619;3162;3163;3166;3331;8323";4611 - Aşağıdaki lisans programlarından birinden mezun olmak. | 3160 - Elektrik Mühendisliği | 3162 - Elektrik ve Elektronik Mühendisliği / Elektrik-Elektronik Mühendisliği | 4619 - Aşağıdaki lisans programlarından birinden mezun olmak. | 3162 - Elektrik ve Elektronik Mühendisliği / Elektrik-Elektronik Mühendisliği | 3163 - Elektronik Mühendisliği | 3166 - Elektronik ve Haberleşme Mühendisliği | 3331 - Telekomünikasyon Mühendisliği | 8323 - Haberleşme Mühendisliği;ea3dcaed-c31e-e711-80d3-a0369f7d149c
2017;4;390746271;Karayolları Genel Müdürlüğü;Şehir Plancısı;Antalya;Lisans;1;;90.535;90.535;"4757;3322";4757 - Aşağıdaki lisans programlarından birinden mezun olmak. | 3322 - Şehir ve Bölge Planlama;ae3dcaed-c31e-e711-80d3-a0369f7d149c
2017;4;390741255;Karayolları Genel Müdürlüğü;Mühendis;Ankara;Lisans;2;;90.496;90.52;"4639;3252;4314";4639 - Aşağıdaki lisans programlarından birinden mezun olmak. | 3252 - Makine Mühendisliği | 4314 - Makine ve İmalat Mühendisliği;a73dcaed-c31e-e711-80d3-a0369f7d149c
2017;4;390740529;Karayolları Genel Müdürlüğü;Mimar;Konya;Lisans;1;;90.466;90.466;"4747;3263";4747 - Aşağıdaki lisans programlarından birinden mezun olmak. | 3263 - Mimarlık;113ecaed-c31e-e711-80d3-a0369f7d149c
2017;4;390749373;Karayolları Genel Müdürlüğü;Mühendis;Kars;Lisans;2;;90.45;91.277;"4530;9343;4531;3124;5103;5137;8141;8156;8309;4533;5134";4530 - Aşağıdaki lisans programlarından birinden mezun olmak. | 9343 - Bilgisayar ve Yazılım Mühendisliği | 4531 - Aşağıdaki lisans programlarından birinden mezun olmak. | 3124 - Bilgisayar Mühendisliği | 5103 - Bilişim Sistemleri Mühendisliği | 5137 - Bilgisayar Bilimi ve Mühendisliği / Bilgisayar Bilimleri Mühendisliği | 8141 - Kontrol ve Bilgisayar Mühendisliği | 8156 - Bilgisayar ve Enformatik Mühendisliği | 8309 - Bilgisayar Donanımı ve Teknolojisi | 4533 - Aşağıdaki lisans programlarından birinden mezun olmak. | 5134 - Yazılım Mühendisliği;ee3dcaed-c31e-e711-80d3-a0369f7d149c
2017;4;390744489;Karayolları Genel Müdürlüğü;Mühendis;Trabzon;Lisans;1;;90.35;90.35;"4685;3206;4334;6235";4685 - Aşağıdaki lisans programlarından birinden mezun olmak. | 3206 - Hidrojeoloji Mühendisliği | 4334 - Petrol ve Doğalgaz Jeolojisi | 6235 - Jeoloji Mühendisliği;473ecaed-c31e-e711-80d3-a0369f7d149c
2017;4;390746799;Karayolları Genel Müdürlüğü;Mimar;Bursa;Lisans;1;;90.257;90.257;"4747;3263";4747 - Aşağıdaki lisans programlarından birinden mezun olmak. | 3263 - Mimarlık;b63dcaed-c31e-e711-80d3-a0369f7d149c
2017;4;390747195;Karayolları Genel Müdürlüğü;Mühendis;Bursa;Lisans;1;;90.178;90.178;"4679;3251";4679 - Aşağıdaki lisans programlarından birinden mezun olmak. | 3251 - Maden Mühendisliği;bc3dcaed-c31e-e711-80d3-a0369f7d149c
2017;4;390746403;Karayolları Genel Müdürlüğü;Mühendis;Antalya;Lisans;3;;90.141;91.935;"4639;3252;4314";4639 - Aşağıdaki lisans programlarından birinden mezun olmak. | 3252 - Makine Mühendisliği | 4314 - Makine ve İmalat Mühendisliği;b03dcaed-c31e-e711-80d3-a0369f7d149c
2017;4;390742971;Karayolları Genel Müdürlüğü;Mühendis;Samsun;Lisans;1;;90.139;90.139;"4685;3206;4334;6235";4685 - Aşağıdaki lisans programlarından birinden mezun olmak. | 3206 - Hidrojeoloji Mühendisliği | 4334 - Petrol ve Doğalgaz Jeolojisi | 6235 - Jeoloji Mühendisliği;2c3ecaed-c31e-e711-80d3-a0369f7d149c
2017;4;390745347;Karayolları Genel Müdürlüğü;Mühendis;Van;Lisans;1;;90.117;90.117;"4530;9343;4531;3124;5103;5137;8141;8156;8309;4533;5134";4530 - Aşağıdaki lisans programlarından birinden mezun olmak. | 9343 - Bilgisayar ve Yazılım Mühendisliği | 4531 - Aşağıdaki lisans programlarından birinden mezun olmak. | 3124 - Bilgisayar Mühendisliği | 5103 - Bilişim Sistemleri Mühendisliği | 5137 - Bilgisayar Bilimi ve Mühendisliği / Bilgisayar Bilimleri Mühendisliği | 8141 - Kontrol ve Bilgisayar Mühendisliği | 8156 - Bilgisayar ve Enformatik Mühendisliği | 8309 - Bilgisayar Donanımı ve Teknolojisi | 4533 - Aşağıdaki lisans programlarından birinden mezun olmak. | 5134 - Yazılım Mühendisliği;543ecaed-c31e-e711-80d3-a0369f7d149c
2017;4;390740199;Karayolları Genel Müdürlüğü;Mühendis;Ankara;Lisans;2;;90.016;90.134;"4685;3206;4334;6235";4685 - Aşağıdaki lisans programlarından birinden mezun olmak. | 3206 - Hidrojeoloji Mühendisliği | 4334 - Petrol ve Doğalgaz Jeolojisi | 6235 - Jeoloji Mühendisliği;a03dcaed-c31e-e711-80d3-a0369f7d149c
2017;4;390746997;Karayolları Genel Müdürlüğü;Mühendis;Bursa;Lisans;6;;89.869;92.183;"4639;3252;4314";4639 - Aşağıdaki lisans programlarından birinden mezun olmak. | 3252 - Makine Mühendisliği | 4314 - Makine ve İmalat Mühendisliği;b93dcaed-c31e-e711-80d3-a0369f7d149c
2017;4;390744093;Karayolları Genel Müdürlüğü;Mimar;Trabzon;Lisans;1;;89.854;89.854;"4747;3263";4747 - Aşağıdaki lisans programlarından birinden mezun olmak. | 3263 - Mimarlık;413ecaed-c31e-e711-80d3-a0369f7d149c
2017;4;390741717;Karayolları Genel Müdürlüğü;Mühendis;Mersin;Lisans;3;;89.832;90.466;"4639;3252;4314";4639 - Aşağıdaki lisans programlarından birinden mezun olmak. | 3252 - Makine Mühendisliği | 4314 - Makine ve İmalat Mühendisliği;1d3ecaed-c31e-e711-80d3-a0369f7d149c
2017;4;390742245;Karayolları Genel Müdürlüğü;Mühendis;Kayseri;Lisans;2;;89.802;90.148;"4639;3252;4314";4639 - Aşağıdaki lisans programlarından birinden mezun olmak. | 3252 - Makine Mühendisliği | 4314 - Makine ve İmalat Mühendisliği;033ecaed-c31e-e711-80d3-a0369f7d149c
2017;4;390747063;Karayolları Genel Müdürlüğü;Mühendis;Bursa;Lisans;1;;89.747;89.747;"4685;3206;4334;6235";4685 - Aşağıdaki lisans programlarından birinden mezun olmak. | 3206 - Hidrojeoloji Mühendisliği | 4334 - Petrol ve Doğalgaz Jeolojisi | 6235 - Jeoloji Mühendisliği;ba3dcaed-c31e-e711-80d3-a0369f7d149c
2017;4;390742707;Karayolları Genel Müdürlüğü;Mühendis;Kayseri;Lisans;1;;89.675;89.675;"4825;5135";4825 - Aşağıdaki lisans programlarından birinden mezun olmak. | 5135 - Ziraat Mühendisliği;0a3ecaed-c31e-e711-80d3-a0369f7d149c
2017;4;390742113;Karayolları Genel Müdürlüğü;Mimar;Kayseri;Lisans;1;;89.522;89.522;"4747;3263";4747 - Aşağıdaki lisans programlarından birinden mezun olmak. | 3263 - Mimarlık;013ecaed-c31e-e711-80d3-a0369f7d149c
2017;4;390740859;Karayolları Genel Müdürlüğü;Mühendis;Konya;Lisans;1;;89.499;89.499;"4685;3206;4334;6235";4685 - Aşağıdaki lisans programlarından birinden mezun olmak. | 3206 - Hidrojeoloji Mühendisliği | 4334 - Petrol ve Doğalgaz Jeolojisi | 6235 - Jeoloji Mühendisliği;163ecaed-c31e-e711-80d3-a0369f7d149c
2017;4;390740727;Karayolları Genel Müdürlüğü;Mühendis;Konya;Lisans;5;;89.49;89.799;"4639;3252;4314";4639 - Aşağıdaki lisans programlarından birinden mezun olmak. | 3252 - Makine Mühendisliği | 4314 - Makine ve İmalat Mühendisliği;143ecaed-c31e-e711-80d3-a0369f7d149c
2017;4;390747525;Karayolları Genel Müdürlüğü;Mühendis;Kastamonu;Lisans;6;;89.396;90.172;"4639;3252;4314";4639 - Aşağıdaki lisans programlarından birinden mezun olmak. | 3252 - Makine Mühendisliği | 4314 - Makine ve İmalat Mühendisliği;f93dcaed-c31e-e711-80d3-a0369f7d149c
2017;4;390741519;Karayolları Genel Müdürlüğü;Mimar;Mersin;Lisans;1;;89.394;89.394;"4747;3263";4747 - Aşağıdaki lisans programlarından birinden mezun olmak. | 3263 - Mimarlık;1a3ecaed-c31e-e711-80d3-a0369f7d149c
2017;4;390742905;Karayolları Genel Müdürlüğü;Mühendis;Samsun;Lisans;9;;89.365;90.876;"4639;3252;4314";4639 - Aşağıdaki lisans programlarından birinden mezun olmak. | 3252 - Makine Mühendisliği | 4314 - Makine ve İmalat Mühendisliği;2b3ecaed-c31e-e711-80d3-a0369f7d149c
2017;4;390744291;Karayolları Genel Müdürlüğü;Mühendis;Trabzon;Lisans;3;;89.327;90.016;"4639;3252;4314";4639 - Aşağıdaki lisans programlarından birinden mezun olmak. | 3252 - Makine Mühendisliği | 4314 - Makine ve İmalat Mühendisliği;443ecaed-c31e-e711-80d3-a0369f7d149c
2017;4;390746535;Karayolları Genel Müdürlüğü;Mühendis;Antalya;Lisans;2;;89.32;91.688;"4685;3206;4334;6235";4685 - Aşağıdaki lisans programlarından birinden mezun olmak. | 3206 - Hidrojeoloji Mühendisliği | 4334 - Petrol ve Doğalgaz Jeolojisi | 6235 - Jeoloji Mühendisliği;b23dcaed-c31e-e711-80d3-a0369f7d149c
2017;4;390748251;Karayolları Genel Müdürlüğü;Mühendis;Sivas;Lisans;7;;89.156;89.351;"4639;3252;4314";4639 - Aşağıdaki lisans programlarından birinden mezun olmak. | 3252 - Makine Mühendisliği | 4314 - Makine ve İmalat Mühendisliği;323ecaed-c31e-e711-80d3-a0369f7d149c
2017;4;390741651;Karayolları Genel Müdürlüğü;Mühendis;Mersin;Lisans;10;;89.057;95.048;"4669;3221";4669 - Aşağıdaki lisans programlarından birinden mezun olmak. | 3221 - İnşaat Mühendisliği;1c3ecaed-c31e-e711-80d3-a0369f7d149c
2017;4;390743565;Karayolları Genel Müdürlüğü;Mimar;Diyarbakır;Lisans;1;;89.034;89.034;"4747;3263";4747 - Aşağıdaki lisans programlarından birinden mezun olmak. | 3263 - Mimarlık;c53dcaed-c31e-e711-80d3-a0369f7d149c
2017;4;390743169;Karayolları Genel Müdürlüğü;Mimar;Elazığ;Lisans;1;;89.033;89.033;"4747;3263";4747 - Aşağıdaki lisans programlarından birinden mezun olmak. | 3263 - Mimarlık;cf3dcaed-c31e-e711-80d3-a0369f7d149c
2017;4;390745545;Karayolları Genel Müdürlüğü;Mimar;Erzurum;Lisans;1;;88.949;88.949;"4747;3263";4747 - Aşağıdaki lisans programlarından birinden mezun olmak. | 3263 - Mimarlık;d73dcaed-c31e-e711-80d3-a0369f7d149c
2017;4;390747327;Karayolları Genel Müdürlüğü;Mimar;Kastamonu;Lisans;1;;88.879;88.879;"4747;3263";4747 - Aşağıdaki lisans programlarından birinden mezun olmak. | 3263 - Mimarlık;f63dcaed-c31e-e711-80d3-a0369f7d149c
2017;4;390747129;Karayolları Genel Müdürlüğü;Mühendis;Bursa;Lisans;1;;88.864;88.864;"4689;3233;4298;8324;9034";4689 - Aşağıdaki lisans programlarından birinden mezun olmak. | 3233 - Jeodezi ve Fotogrametri Mühendisliği | 4298 - Jeodezi ve Haritacılık | 8324 - Harita Mühendisliği | 9034 - Geomatik Mühendisliği;bb3dcaed-c31e-e711-80d3-a0369f7d149c
2017;4;390741981;Karayolları Genel Müdürlüğü;Mühendis;Mersin;Lisans;2;;88.863;89.157;"4689;3233;4298;8324;9034";4689 - Aşağıdaki lisans programlarından birinden mezun olmak. | 3233 - Jeodezi ve Fotogrametri Mühendisliği | 4298 - Jeodezi ve Haritacılık | 8324 - Harita Mühendisliği | 9034 - Geomatik Mühendisliği;213ecaed-c31e-e711-80d3-a0369f7d149c
2017;4;390745743;Karayolları Genel Müdürlüğü;Mühendis;Erzurum;Lisans;7;;88.848;89.134;"4639;3252;4314";4639 - Aşağıdaki lisans programlarından birinden mezun olmak. | 3252 - Makine Mühendisliği | 4314 - Makine ve İmalat Mühendisliği;da3dcaed-c31e-e711-80d3-a0369f7d149c
2017;4;390747723;Karayolları Genel Müdürlüğü;Mühendis;Kastamonu;Lisans;1;;88.825;88.825;"4679;3251";4679 - Aşağıdaki lisans programlarından birinden mezun olmak. | 3251 - Maden Mühendisliği;fc3dcaed-c31e-e711-80d3-a0369f7d149c
2017;4;390744819;Karayolları Genel Müdürlüğü;Mimar;Van;Lisans;1;;88.718;88.718;"4747;3263";4747 - Aşağıdaki lisans programlarından birinden mezun olmak. | 3263 - Mimarlık;4c3ecaed-c31e-e711-80d3-a0369f7d149c
2017;4;390746733;Karayolları Genel Müdürlüğü;Mühendis;Antalya;Lisans;1;;88.607;88.607;"4871;6277";4871 - Aşağıdaki lisans programlarından birinden mezun olmak. | 6277 - Orman Mühendisliği;b53dcaed-c31e-e711-80d3-a0369f7d149c
2017;4;390746931;Karayolları Genel Müdürlüğü;Mühendis;Bursa;Lisans;10;;88.6;92.052;"4669;3221";4669 - Aşağıdaki lisans programlarından birinden mezun olmak. | 3221 - İnşaat Mühendisliği;b83dcaed-c31e-e711-80d3-a0369f7d149c
2017;4;390740991;Karayolları Genel Müdürlüğü;Mühendis;Konya;Lisans;1;;88.554;88.554;"4679;3251";4679 - Aşağıdaki lisans programlarından birinden mezun olmak. | 3251 - Maden Mühendisliği;183ecaed-c31e-e711-80d3-a0369f7d149c
2017;4;390749043;Karayolları Genel Müdürlüğü;Mühendis;Kars;Lisans;8;;88.547;88.863;"4639;3252;4314";4639 - Aşağıdaki lisans programlarından birinden mezun olmak. | 3252 - Makine Mühendisliği | 4314 - Makine ve İmalat Mühendisliği;e93dcaed-c31e-e711-80d3-a0369f7d149c
2017;4;390746337;Karayolları Genel Müdürlüğü;Mühendis;Antalya;Lisans;11;;88.53;91.125;"4669;3221";4669 - Aşağıdaki lisans programlarından birinden mezun olmak. | 3221 - İnşaat Mühendisliği;af3dcaed-c31e-e711-80d3-a0369f7d149c
2017;4;390748053;Karayolları Genel Müdürlüğü;Mimar;Sivas;Lisans;1;;88.398;88.398;"4747;3263";4747 - Aşağıdaki lisans programlarından birinden mezun olmak. | 3263 - Mimarlık;2f3ecaed-c31e-e711-80d3-a0369f7d149c
2017;4;390740001;Karayolları Genel Müdürlüğü;Mühendis;Ankara;Lisans;44;;88.308;92.346;"4669;3221";4669 - Aşağıdaki lisans programlarından birinden mezun olmak. | 3221 - İnşaat Mühendisliği;9d3dcaed-c31e-e711-80d3-a0369f7d149c
2017;4;390743763;Karayolları Genel Müdürlüğü;Mühendis;Diyarbakır;Lisans;8;;88.269;90.643;"4639;3252;4314";4639 - Aşağıdaki lisans programlarından birinden mezun olmak. | 3252 - Makine Mühendisliği | 4314 - Makine ve İmalat Mühendisliği;c83dcaed-c31e-e711-80d3-a0369f7d149c
2017;4;390748845;Karayolları Genel Müdürlüğü;Mimar;Kars;Lisans;1;;88.215;88.215;"4747;3263";4747 - Aşağıdaki lisans programlarından birinden mezun olmak. | 3263 - Mimarlık;e63dcaed-c31e-e711-80d3-a0369f7d149c
2017;4;390743037;Karayolları Genel Müdürlüğü;Mühendis;Samsun;Lisans;1;;88.198;88.198;"4689;3233;4298;8324;9034";4689 - Aşağıdaki lisans programlarından birinden mezun olmak. | 3233 - Jeodezi ve Fotogrametri Mühendisliği | 4298 - Jeodezi ve Haritacılık | 8324 - Harita Mühendisliği | 9034 - Geomatik Mühendisliği;2d3ecaed-c31e-e711-80d3-a0369f7d149c
2017;4;390745479;Karayolları Genel Müdürlüğü;Mühendis;Van;Lisans;1;;88.176;88.176;"4677;3142";4677 - Aşağıdaki lisans programlarından birinden mezun olmak. | 3142 - Çevre Mühendisliği;563ecaed-c31e-e711-80d3-a0369f7d149c
2017;4;390741189;Karayolları Genel Müdürlüğü;Mühendis;Ankara;Lisans;8;;88.167;90.325;"4669;3221";4669 - Aşağıdaki lisans programlarından birinden mezun olmak. | 3221 - İnşaat Mühendisliği;a63dcaed-c31e-e711-80d3-a0369f7d149c
2017;4;390745017;Karayolları Genel Müdürlüğü;Mühendis;Van;Lisans;10;;88.113;88.848;"4639;3252;4314";4639 - Aşağıdaki lisans programlarından birinden mezun olmak. | 3252 - Makine Mühendisliği | 4314 - Makine ve İmalat Mühendisliği;4f3ecaed-c31e-e711-80d3-a0369f7d149c
2017;4;390744225;Karayolları Genel Müdürlüğü;Mühendis;Trabzon;Lisans;12;;88.028;91.069;"4669;3221";4669 - Aşağıdaki lisans programlarından birinden mezun olmak. | 3221 - İnşaat Mühendisliği;433ecaed-c31e-e711-80d3-a0369f7d149c
2017;4;390748713;Karayolları Genel Müdürlüğü;Mühendis;Sivas;Lisans;2;;87.99;89.669;"4677;3142";4677 - Aşağıdaki lisans programlarından birinden mezun olmak. | 3142 - Çevre Mühendisliği;393ecaed-c31e-e711-80d3-a0369f7d149c
2017;4;390744687;Karayolları Genel Müdürlüğü;Mühendis;Trabzon;Lisans;1;;87.99;87.99;"4677;3142";4677 - Aşağıdaki lisans programlarından birinden mezun olmak. | 3142 - Çevre Mühendisliği;4a3ecaed-c31e-e711-80d3-a0369f7d149c
2017;4;390743697;Karayolları Genel Müdürlüğü;Mühendis;Diyarbakır;Lisans;14;;87.966;90.775;"4669;3221";4669 - Aşağıdaki lisans programlarından birinden mezun olmak. | 3221 - İnşaat Mühendisliği;c73dcaed-c31e-e711-80d3-a0369f7d149c
2017;4;390741915;Karayolları Genel Müdürlüğü;Mühendis;Mersin;Lisans;2;;87.966;88.561;"4685;3206;4334;6235";4685 - Aşağıdaki lisans programlarından birinden mezun olmak. | 3206 - Hidrojeoloji Mühendisliği | 4334 - Petrol ve Doğalgaz Jeolojisi | 6235 - Jeoloji Mühendisliği;203ecaed-c31e-e711-80d3-a0369f7d149c
2017;4;390744753;Karayolları Genel Müdürlüğü;Mühendis;Trabzon;Lisans;1;;87.873;87.873;"4871;6277";4871 - Aşağıdaki lisans programlarından birinden mezun olmak. | 6277 - Orman Mühendisliği;4b3ecaed-c31e-e711-80d3-a0369f7d149c
2017;4;390747921;Karayolları Genel Müdürlüğü;Mühendis;Kastamonu;Lisans;1;;87.872;87.872;"4677;3142";4677 - Aşağıdaki lisans programlarından birinden mezun olmak. | 3142 - Çevre Mühendisliği;ff3dcaed-c31e-e711-80d3-a0369f7d149c
2017;4;390746865;Karayolları Genel Müdürlüğü;Şehir Plancısı;Bursa;Lisans;1;;87.826;87.826;"4757;3322";4757 - Aşağıdaki lisans programlarından birinden mezun olmak. | 3322 - Şehir ve Bölge Planlama;b73dcaed-c31e-e711-80d3-a0369f7d149c
2017;4;390742443;Karayolları Genel Müdürlüğü;Mühendis;Kayseri;Lisans;3;;87.811;88.469;"4685;3206;4334;6235";4685 - Aşağıdaki lisans programlarından birinden mezun olmak. | 3206 - Hidrojeoloji Mühendisliği | 4334 - Petrol ve Doğalgaz Jeolojisi | 6235 - Jeoloji Mühendisliği;063ecaed-c31e-e711-80d3-a0369f7d149c
2017;4;390743631;Karayolları Genel Müdürlüğü;Şehir Plancısı;Diyarbakır;Lisans;1;;87.711;87.711;"4757;3322";4757 - Aşağıdaki lisans programlarından birinden mezun olmak. | 3322 - Şehir ve Bölge Planlama;c63dcaed-c31e-e711-80d3-a0369f7d149c
2017;4;390748779;Karayolları Genel Müdürlüğü;Mühendis;Sivas;Lisans;1;;87.625;87.625;"4871;6277";4871 - Aşağıdaki lisans programlarından birinden mezun olmak. | 6277 - Orman Mühendisliği;3a3ecaed-c31e-e711-80d3-a0369f7d149c
2017;4;390740661;Karayolları Genel Müdürlüğü;Mühendis;Konya;Lisans;18;;87.595;90.015;"4669;3221";4669 - Aşağıdaki lisans programlarından birinden mezun olmak. | 3221 - İnşaat Mühendisliği;133ecaed-c31e-e711-80d3-a0369f7d149c
2017;4;390746205;Karayolları Genel Müdürlüğü;Mühendis;Erzurum;Lisans;1;;87.564;87.564;"4677;3142";4677 - Aşağıdaki lisans programlarından birinden mezun olmak. | 3142 - Çevre Mühendisliği;e13dcaed-c31e-e711-80d3-a0369f7d149c
2017;4;390741585;Karayolları Genel Müdürlüğü;Şehir Plancısı;Mersin;Lisans;1;;87.495;87.495;"4757;3322";4757 - Aşağıdaki lisans programlarından birinden mezun olmak. | 3322 - Şehir ve Bölge Planlama;1b3ecaed-c31e-e711-80d3-a0369f7d149c
2017;4;390742839;Karayolları Genel Müdürlüğü;Mühendis;Samsun;Lisans;16;;87.465;88.655;"4669;3221";4669 - Aşağıdaki lisans programlarından birinden mezun olmak. | 3221 - İnşaat Mühendisliği;2a3ecaed-c31e-e711-80d3-a0369f7d149c
2017;4;390747591;Karayolları Genel Müdürlüğü;Mühendis;Kastamonu;Lisans;4;;87.463;88.655;"4685;3206;4334;6235";4685 - Aşağıdaki lisans programlarından birinden mezun olmak. | 3206 - Hidrojeoloji Mühendisliği | 4334 - Petrol ve Doğalgaz Jeolojisi | 6235 - Jeoloji Mühendisliği;fa3dcaed-c31e-e711-80d3-a0369f7d149c
2017;4;390749505;Karayolları Genel Müdürlüğü;Mühendis;Kars;Lisans;1;;87.455;87.455;"4677;3142";4677 - Aşağıdaki lisans programlarından birinden mezun olmak. | 3142 - Çevre Mühendisliği;f03dcaed-c31e-e711-80d3-a0369f7d149c
2017;4;390742179;Karayolları Genel Müdürlüğü;Mühendis;Kayseri;Lisans;15;;87.409;91.069;"4669;3221";4669 - Aşağıdaki lisans programlarından birinden mezun olmak. | 3221 - İnşaat Mühendisliği;023ecaed-c31e-e711-80d3-a0369f7d149c
2017;4;390743301;Karayolları Genel Müdürlüğü;Mühendis;Elazığ;Lisans;9;;87.355;90.14;"4669;3221";4669 - Aşağıdaki lisans programlarından birinden mezun olmak. | 3221 - İnşaat Mühendisliği;d13dcaed-c31e-e711-80d3-a0369f7d149c
2017;4;390747459;Karayolları Genel Müdürlüğü;Mühendis;Kastamonu;Lisans;10;;87.33;88.632;"4669;3221";4669 - Aşağıdaki lisans programlarından birinden mezun olmak. | 3221 - İnşaat Mühendisliği;f83dcaed-c31e-e711-80d3-a0369f7d149c
2017;4;390747987;Karayolları Genel Müdürlüğü;Mühendis;Kastamonu;Lisans;1;;87.292;87.292;"4871;6277";4871 - Aşağıdaki lisans programlarından birinden mezun olmak. | 6277 - Orman Mühendisliği;003ecaed-c31e-e711-80d3-a0369f7d149c
2017;4;390748383;Karayolları Genel Müdürlüğü;Mühendis;Sivas;Lisans;2;;87.183;87.199;"4685;3206;4334;6235";4685 - Aşağıdaki lisans programlarından birinden mezun olmak. | 3206 - Hidrojeoloji Mühendisliği | 4334 - Petrol ve Doğalgaz Jeolojisi | 6235 - Jeoloji Mühendisliği;343ecaed-c31e-e711-80d3-a0369f7d149c
2017;4;390743235;Karayolları Genel Müdürlüğü;Şehir Plancısı;Elazığ;Lisans;1;;87.1;87.1;"4757;3322";4757 - Aşağıdaki lisans programlarından birinden mezun olmak. | 3322 - Şehir ve Bölge Planlama;d03dcaed-c31e-e711-80d3-a0369f7d149c
2017;4;390744951;Karayolları Genel Müdürlüğü;Mühendis;Van;Lisans;14;;87.085;89.768;"4669;3221";4669 - Aşağıdaki lisans programlarından birinden mezun olmak. | 3221 - İnşaat Mühendisliği;4e3ecaed-c31e-e711-80d3-a0369f7d149c
2017;4;390740595;Karayolları Genel Müdürlüğü;Şehir Plancısı;Konya;Lisans;1;;87.022;87.022;"4757;3322";4757 - Aşağıdaki lisans programlarından birinden mezun olmak. | 3322 - Şehir ve Bölge Planlama;123ecaed-c31e-e711-80d3-a0369f7d149c
2017;4;390748185;Karayolları Genel Müdürlüğü;Mühendis;Sivas;Lisans;12;;86.989;87.95;"4669;3221";4669 - Aşağıdaki lisans programlarından birinden mezun olmak. | 3221 - İnşaat Mühendisliği;313ecaed-c31e-e711-80d3-a0369f7d149c
2017;4;390740463;Karayolları Genel Müdürlüğü;Büro Personeli;Ankara;Lisans;20;;86.921;97.329;"4421;3159;3213;5131;6229;8208;4429;3141;8312;4431;3226;3361;3381;5123;6229;8207;8208;8296;8334;4459;3254;4322;8225;4503;3237;3313;3314;4507;3313;3315;3352;3353;5116;5142";4421 - Aşağıdaki lisans programlarından birinden mezun olmak. | 3159 - Ekonomi | 3213 - İktisat | 5131 - Uluslararası Ticaret ve Finansman | 6229 - İşletme-Ekonomi / İşletme-İktisat | 8208 - İş İdaresi ve İktisat | 4429 - Aşağıdaki lisans programlarından birinden mezun olmak. | 3141 - Çalışma Ekonomisi ve Endüstri İlişkileri | 8312 - Çalışma Ekonomisi | 4431 - Aşağıdaki lisans programlarından birinden mezun olmak. | 3226 - İşletme / İşletmecilik | 3361 - Yönetim Bilişim Sistemleri | 3381 - Muhasebe-Finansman | 5123 - Muhasebe ve Finansal Yönetim / Muhasebe ve Finans Yönetimi | 6229 - İşletme-Ekonomi / İşletme-İktisat | 8207 - İş İdaresi | 8208 - İş İdaresi ve İktisat | 8296 - Yönetim ve Organizasyon | 8334 - Pazarlama | 4459 - Aşağıdaki lisans programlarından birinden mezun olmak. | 3254 - Maliye | 4322 - Muhasebe ve Maliye | 8225 - Maliye-Muhasebe | 4503 - Aşağıdaki lisans programlarından birinden mezun olmak. | 3237 - Kamu Yönetimi | 3313 - Siyaset Bilimi | 3314 - Siyaset Bilimi ve Kamu Yönetimi | 4507 - Aşağıdaki lisans programlarından birinden mezun olmak. | 3313 - Siyaset Bilimi | 3315 - Siyaset Bilimi ve Uluslararası İlişkiler | 3352 - Uluslararası İlişkiler | 3353 - Uluslararası İlişkiler ve Avrupa Birliği | 5116 - Küresel ve Uluslararası İlişkiler / Küresel Siyaset ve Uluslararası İlişkiler | 5142 - Toplumsal ve Siyasal Bilimler;a43dcaed-c31e-e711-80d3-a0369f7d149c
2017;4;390742773;Karayolları Genel Müdürlüğü;Şehir Plancısı;Samsun;Lisans;1;;86.907;86.907;"4757;3322";4757 - Aşağıdaki lisans programlarından birinden mezun olmak. | 3322 - Şehir ve Bölge Planlama;293ecaed-c31e-e711-80d3-a0369f7d149c
2017;4;390743895;Karayolları Genel Müdürlüğü;Mühendis;Diyarbakır;Lisans;2;;86.875;87.091;"4685;3206;4334;6235";4685 - Aşağıdaki lisans programlarından birinden mezun olmak. | 3206 - Hidrojeoloji Mühendisliği | 4334 - Petrol ve Doğalgaz Jeolojisi | 6235 - Jeoloji Mühendisliği;ca3dcaed-c31e-e711-80d3-a0369f7d149c
2017;4;390745677;Karayolları Genel Müdürlüğü;Mühendis;Erzurum;Lisans;10;;86.866;89.366;"4669;3221";4669 - Aşağıdaki lisans programlarından birinden mezun olmak. | 3221 - İnşaat Mühendisliği;d93dcaed-c31e-e711-80d3-a0369f7d149c
2017;4;390740265;Karayolları Genel Müdürlüğü;Mühendis;Ankara;Lisans;8;;86.744;87.996;"4689;3233;4298;8324;9034";4689 - Aşağıdaki lisans programlarından birinden mezun olmak. | 3233 - Jeodezi ve Fotogrametri Mühendisliği | 4298 - Jeodezi ve Haritacılık | 8324 - Harita Mühendisliği | 9034 - Geomatik Mühendisliği;a13dcaed-c31e-e711-80d3-a0369f7d149c
2017;4;390742575;Karayolları Genel Müdürlüğü;Mühendis;Kayseri;Lisans;1;;86.696;86.696;"4679;3251";4679 - Aşağıdaki lisans programlarından birinden mezun olmak. | 3251 - Maden Mühendisliği;083ecaed-c31e-e711-80d3-a0369f7d149c
2017;4;390745875;Karayolları Genel Müdürlüğü;Mühendis;Erzurum;Lisans;3;;86.636;86.865;"4685;3206;4334;6235";4685 - Aşağıdaki lisans programlarından birinden mezun olmak. | 3206 - Hidrojeoloji Mühendisliği | 4334 - Petrol ve Doğalgaz Jeolojisi | 6235 - Jeoloji Mühendisliği;dc3dcaed-c31e-e711-80d3-a0369f7d149c
2017;4;390748977;Karayolları Genel Müdürlüğü;Mühendis;Kars;Lisans;15;;86.634;87.369;"4669;3221";4669 - Aşağıdaki lisans programlarından birinden mezun olmak. | 3221 - İnşaat Mühendisliği;e83dcaed-c31e-e711-80d3-a0369f7d149c
2017;4;390749175;Karayolları Genel Müdürlüğü;Mühendis;Kars;Lisans;1;;86.626;86.626;"4685;3206;4334;6235";4685 - Aşağıdaki lisans programlarından birinden mezun olmak. | 3206 - Hidrojeoloji Mühendisliği | 4334 - Petrol ve Doğalgaz Jeolojisi | 6235 - Jeoloji Mühendisliği;eb3dcaed-c31e-e711-80d3-a0369f7d149c
2017;4;390745149;Karayolları Genel Müdürlüğü;Mühendis;Van;Lisans;1;;86.581;86.581;"4685;3206;4334;6235";4685 - Aşağıdaki lisans programlarından birinden mezun olmak. | 3206 - Hidrojeoloji Mühendisliği | 4334 - Petrol ve Doğalgaz Jeolojisi | 6235 - Jeoloji Mühendisliği;513ecaed-c31e-e711-80d3-a0369f7d149c
2017;4;390744555;Karayolları Genel Müdürlüğü;Mühendis;Trabzon;Lisans;2;;86.495;91.077;"4689;3233;4298;8324;9034";4689 - Aşağıdaki lisans programlarından birinden mezun olmak. | 3233 - Jeodezi ve Fotogrametri Mühendisliği | 4298 - Jeodezi ve Haritacılık | 8324 - Harita Mühendisliği | 9034 - Geomatik Mühendisliği;483ecaed-c31e-e711-80d3-a0369f7d149c
2017;4;390744159;Karayolları Genel Müdürlüğü;Şehir Plancısı;Trabzon;Lisans;1;;86.349;86.349;"4757;3322";4757 - Aşağıdaki lisans programlarından birinden mezun olmak. | 3322 - Şehir ve Bölge Planlama;423ecaed-c31e-e711-80d3-a0369f7d149c
2017;4;390746601;Karayolları Genel Müdürlüğü;Mühendis;Antalya;Lisans;1;;86.288;86.288;"4689;3233;4298;8324;9034";4689 - Aşağıdaki lisans programlarından birinden mezun olmak. | 3233 - Jeodezi ve Fotogrametri Mühendisliği | 4298 - Jeodezi ve Haritacılık | 8324 - Harita Mühendisliği | 9034 - Geomatik Mühendisliği;b33dcaed-c31e-e711-80d3-a0369f7d149c
2017;4;390741387;Karayolları Genel Müdürlüğü;Mühendis;Ankara;Lisans;2;;86.279;86.464;"4689;3233;4298;8324;9034";4689 - Aşağıdaki lisans programlarından birinden mezun olmak. | 3233 - Jeodezi ve Fotogrametri Mühendisliği | 4298 - Jeodezi ve Haritacılık | 8324 - Harita Mühendisliği | 9034 - Geomatik Mühendisliği;a93dcaed-c31e-e711-80d3-a0369f7d149c
2017;4;390740925;Karayolları Genel Müdürlüğü;Mühendis;Konya;Lisans;1;;86.241;86.241;"4689;3233;4298;8324;9034";4689 - Aşağıdaki lisans programlarından birinden mezun olmak. | 3233 - Jeodezi ve Fotogrametri Mühendisliği | 4298 - Jeodezi ve Haritacılık | 8324 - Harita Mühendisliği | 9034 - Geomatik Mühendisliği;173ecaed-c31e-e711-80d3-a0369f7d149c
2017;4;390743499;Karayolları Genel Müdürlüğü;Mühendis;Elazığ;Lisans;3;;86.217;86.89;"4689;3233;4298;8324;9034";4689 - Aşağıdaki lisans programlarından birinden mezun olmak. | 3233 - Jeodezi ve Fotogrametri Mühendisliği | 4298 - Jeodezi ve Haritacılık | 8324 - Harita Mühendisliği | 9034 - Geomatik Mühendisliği;d43dcaed-c31e-e711-80d3-a0369f7d149c
2017;4;390742509;Karayolları Genel Müdürlüğü;Mühendis;Kayseri;Lisans;4;;86.161;86.974;"4689;3233;4298;8324;9034";4689 - Aşağıdaki lisans programlarından birinden mezun olmak. | 3233 - Jeodezi ve Fotogrametri Mühendisliği | 4298 - Jeodezi ve Haritacılık | 8324 - Harita Mühendisliği | 9034 - Geomatik Mühendisliği;073ecaed-c31e-e711-80d3-a0369f7d149c
2017;4;390743961;Karayolları Genel Müdürlüğü;Mühendis;Diyarbakır;Lisans;4;;86.017;89.977;"4689;3233;4298;8324;9034";4689 - Aşağıdaki lisans programlarından birinden mezun olmak. | 3233 - Jeodezi ve Fotogrametri Mühendisliği | 4298 - Jeodezi ve Haritacılık | 8324 - Harita Mühendisliği | 9034 - Geomatik Mühendisliği;cb3dcaed-c31e-e711-80d3-a0369f7d149c
2017;4;390745215;Karayolları Genel Müdürlüğü;Mühendis;Van;Lisans;3;;85.916;86.581;"4689;3233;4298;8324;9034";4689 - Aşağıdaki lisans programlarından birinden mezun olmak. | 3233 - Jeodezi ve Fotogrametri Mühendisliği | 4298 - Jeodezi ve Haritacılık | 8324 - Harita Mühendisliği | 9034 - Geomatik Mühendisliği;523ecaed-c31e-e711-80d3-a0369f7d149c
2017;4;390747657;Karayolları Genel Müdürlüğü;Mühendis;Kastamonu;Lisans;5;;85.784;87.966;"4689;3233;4298;8324;9034";4689 - Aşağıdaki lisans programlarından birinden mezun olmak. | 3233 - Jeodezi ve Fotogrametri Mühendisliği | 4298 - Jeodezi ve Haritacılık | 8324 - Harita Mühendisliği | 9034 - Geomatik Mühendisliği;fb3dcaed-c31e-e711-80d3-a0369f7d149c
2017;4;390748515;Karayolları Genel Müdürlüğü;Mühendis;Sivas;Lisans;1;;85.737;85.737;"4679;3251";4679 - Aşağıdaki lisans programlarından birinden mezun olmak. | 3251 - Maden Mühendisliği;363ecaed-c31e-e711-80d3-a0369f7d149c
2017;4;390747393;Karayolları Genel Müdürlüğü;Şehir Plancısı;Kastamonu;Lisans;2;;85.714;86.25;"4757;3322";4757 - Aşağıdaki lisans programlarından birinden mezun olmak. | 3322 - Şehir ve Bölge Planlama;f73dcaed-c31e-e711-80d3-a0369f7d149c
2017;4;390748449;Karayolları Genel Müdürlüğü;Mühendis;Sivas;Lisans;3;;85.668;85.721;"4689;3233;4298;8324;9034";4689 - Aşağıdaki lisans programlarından birinden mezun olmak. | 3233 - Jeodezi ve Fotogrametri Mühendisliği | 4298 - Jeodezi ve Haritacılık | 8324 - Harita Mühendisliği | 9034 - Geomatik Mühendisliği;353ecaed-c31e-e711-80d3-a0369f7d149c
2017;4;390749307;Karayolları Genel Müdürlüğü;Mühendis;Kars;Lisans;1;;85.66;85.66;"4679;3251";4679 - Aşağıdaki lisans programlarından birinden mezun olmak. | 3251 - Maden Mühendisliği;ed3dcaed-c31e-e711-80d3-a0369f7d149c
2017;4;390745941;Karayolları Genel Müdürlüğü;Mühendis;Erzurum;Lisans;4;;85.583;86.595;"4689;3233;4298;8324;9034";4689 - Aşağıdaki lisans programlarından birinden mezun olmak. | 3233 - Jeodezi ve Fotogrametri Mühendisliği | 4298 - Jeodezi ve Haritacılık | 8324 - Harita Mühendisliği | 9034 - Geomatik Mühendisliği;dd3dcaed-c31e-e711-80d3-a0369f7d149c
2017;4;390749241;Karayolları Genel Müdürlüğü;Mühendis;Kars;Lisans;3;;85.421;85.559;"4689;3233;4298;8324;9034";4689 - Aşağıdaki lisans programlarından birinden mezun olmak. | 3233 - Jeodezi ve Fotogrametri Mühendisliği | 4298 - Jeodezi ve Haritacılık | 8324 - Harita Mühendisliği | 9034 - Geomatik Mühendisliği;ec3dcaed-c31e-e711-80d3-a0369f7d149c
2017;4;390748119;Karayolları Genel Müdürlüğü;Şehir Plancısı;Sivas;Lisans;2;;85.32;85.907;"4757;3322";4757 - Aşağıdaki lisans programlarından birinden mezun olmak. | 3322 - Şehir ve Bölge Planlama;303ecaed-c31e-e711-80d3-a0369f7d149c
2017;4;390745611;Karayolları Genel Müdürlüğü;Şehir Plancısı;Erzurum;Lisans;2;;85.236;85.352;"4757;3322";4757 - Aşağıdaki lisans programlarından birinden mezun olmak. | 3322 - Şehir ve Bölge Planlama;d83dcaed-c31e-e711-80d3-a0369f7d149c
2017;4;390746007;Karayolları Genel Müdürlüğü;Mühendis;Erzurum;Lisans;1;;85.104;85.104;"4679;3251";4679 - Aşağıdaki lisans programlarından birinden mezun olmak. | 3251 - Maden Mühendisliği;de3dcaed-c31e-e711-80d3-a0369f7d149c
2017;4;390744885;Karayolları Genel Müdürlüğü;Şehir Plancısı;Van;Lisans;2;;85.017;86.34;"4757;3322";4757 - Aşağıdaki lisans programlarından birinden mezun olmak. | 3322 - Şehir ve Bölge Planlama;4d3ecaed-c31e-e711-80d3-a0369f7d149c
2017;4;390745281;Karayolları Genel Müdürlüğü;Mühendis;Van;Lisans;1;;84.878;84.878;"4679;3251";4679 - Aşağıdaki lisans programlarından birinden mezun olmak. | 3251 - Maden Mühendisliği;533ecaed-c31e-e711-80d3-a0369f7d149c
2017;4;390746139;Karayolları Genel Müdürlüğü;Mühendis;Erzurum;Lisans;1;;84.786;84.786;"4825;5135";4825 - Aşağıdaki lisans programlarından birinden mezun olmak. | 5135 - Ziraat Mühendisliği;e03dcaed-c31e-e711-80d3-a0369f7d149c
2017;4;390747855;Karayolları Genel Müdürlüğü;Mühendis;Kastamonu;Lisans;1;;84.746;84.746;"4825;5135";4825 - Aşağıdaki lisans programlarından birinden mezun olmak. | 5135 - Ziraat Mühendisliği;fe3dcaed-c31e-e711-80d3-a0369f7d149c
2017;4;390748911;Karayolları Genel Müdürlüğü;Şehir Plancısı;Kars;Lisans;2;;84.684;84.963;"4757;3322";4757 - Aşağıdaki lisans programlarından birinden mezun olmak. | 3322 - Şehir ve Bölge Planlama;e73dcaed-c31e-e711-80d3-a0369f7d149c
2017;4;390748647;Karayolları Genel Müdürlüğü;Mühendis;Sivas;Lisans;1;;84.469;84.469;"4825;5135";4825 - Aşağıdaki lisans programlarından birinden mezun olmak. | 5135 - Ziraat Mühendisliği;383ecaed-c31e-e711-80d3-a0369f7d149c
2017;4;390745413;Karayolları Genel Müdürlüğü;Mühendis;Van;Lisans;1;;82.943;82.943;"4825;5135";4825 - Aşağıdaki lisans programlarından birinden mezun olmak. | 5135 - Ziraat Mühendisliği;553ecaed-c31e-e711-80d3-a0369f7d149c
2017;4;390749439;Karayolları Genel Müdürlüğü;Mühendis;Kars;Lisans;1;;82.892;82.892;"4825;5135";4825 - Aşağıdaki lisans programlarından birinden mezun olmak. | 5135 - Ziraat Mühendisliği;ef3dcaed-c31e-e711-80d3-a0369f7d149c
